,viewCount,likeCount,commentCount,dislikeCount,subscriberCount,categoryId,ratio,popularity
0,867080.0,115293.0,21204.0,39659.0,39659.0,24.0,21.863385360195668,1
1,1523926.0,17084.0,31470.0,54472.0,54472.0,24.0,27.97631810838596,1
2,168.0,16.0,0.0,5.0,5.0,24.0,33.6,1
3,416.0,41.0,0.0,11.0,11.0,24.0,37.81818181818182,1
4,34957.0,563.0,707.0,882.0,882.0,24.0,39.63378684807256,1
5,1352640.0,67604.0,4853.0,29990.0,29990.0,24.0,45.10303434478159,1
6,222711.0,24812.0,1596.0,4305.0,4305.0,24.0,51.733101045296166,1
7,30185.0,3154.0,641.0,545.0,545.0,24.0,55.38532110091743,1
8,21607.0,3463.0,431.0,355.0,355.0,24.0,60.864788732394366,1
9,223358.0,4543.0,1391.0,3608.0,3608.0,1.0,61.90631929046563,1
10,150344.0,2222.0,704.0,2410.0,2410.0,24.0,62.383402489626555,1
11,677376.0,16857.0,4079.0,9509.0,9509.0,24.0,71.23525081501735,1
12,1483055.0,8871.0,11091.0,19998.0,19998.0,24.0,74.16016601660166,1
13,9009.0,1179.0,0.0,112.0,112.0,20.0,80.4375,1
14,122665.0,1752.0,412.0,1486.0,1486.0,1.0,82.5471063257066,1
15,592891.0,71458.0,3400.0,6521.0,6521.0,24.0,90.92025762919798,1
16,334323.0,4252.0,2078.0,3662.0,3662.0,24.0,91.29519388312397,1
17,84917.0,3131.0,2.0,923.0,923.0,20.0,92.00108342361864,1
18,1580568.0,62354.0,4579.0,17078.0,17078.0,24.0,92.54994730062069,1
19,47735.0,11620.0,1358.0,498.0,498.0,24.0,95.85341365461848,1
20,85129.0,257.0,594.0,847.0,847.0,24.0,100.50649350649351,1
21,5550713.0,128034.0,9719.0,54988.0,54988.0,1.0,100.94407870808176,1
22,823.0,57.0,2.0,8.0,8.0,22.0,102.875,1
23,15659.0,2088.0,445.0,152.0,152.0,1.0,103.01973684210526,1
24,481809.0,40896.0,1913.0,4072.0,4072.0,24.0,118.32244597249509,1
25,8511.0,854.0,334.0,70.0,70.0,24.0,121.58571428571429,1
26,12044.0,1278.0,641.0,96.0,96.0,22.0,125.45833333333333,1
27,241997.0,25077.0,2449.0,1926.0,1926.0,24.0,125.64745586708203,1
28,23370.0,2693.0,756.0,180.0,180.0,20.0,129.83333333333334,1
29,37737.0,3423.0,260.0,274.0,274.0,23.0,137.72627737226279,1
30,11630.0,1674.0,224.0,83.0,83.0,24.0,140.12048192771084,1
31,3960.0,370.0,0.0,28.0,28.0,1.0,141.42857142857142,1
32,4024.0,80.0,0.0,28.0,28.0,24.0,143.71428571428572,1
33,1918.0,261.0,28.0,13.0,13.0,22.0,147.53846153846155,1
34,478072.0,21943.0,302.0,3239.0,3239.0,24.0,147.5986415560358,1
35,59590.0,5561.0,213.0,399.0,399.0,24.0,149.34837092731829,1
36,219931.0,22907.0,1767.0,1436.0,1436.0,23.0,153.15529247910862,1
37,61095.0,892.0,150.0,394.0,394.0,1.0,155.06345177664974,1
38,114587.0,6450.0,465.0,736.0,736.0,24.0,155.6888586956522,1
39,609506.0,17502.0,5162.0,3861.0,3861.0,24.0,157.86221186221186,1
40,22220.0,738.0,168.0,135.0,135.0,24.0,164.59259259259258,1
41,1336.0,161.0,3.0,8.0,8.0,24.0,167.0,1
42,336.0,40.0,3.0,2.0,2.0,1.0,168.0,1
43,1359.0,157.0,25.0,8.0,8.0,22.0,169.875,1
44,139016.0,3338.0,710.0,790.0,790.0,24.0,175.96962025316455,1
45,20209.0,2777.0,320.0,114.0,114.0,24.0,177.2719298245614,1
46,410850.0,11196.0,0.0,2287.0,2287.0,20.0,179.64582422387406,1
47,11373.0,1674.0,311.0,63.0,63.0,24.0,180.52380952380952,1
48,23101.0,1588.0,801.0,127.0,127.0,22.0,181.89763779527559,1
49,184.0,44.0,9.0,1.0,1.0,20.0,184.0,1
50,204001.0,28053.0,2783.0,1103.0,1103.0,24.0,184.95104261106076,1
51,159624.0,15975.0,0.0,857.0,857.0,23.0,186.25904317386232,1
52,71062.0,3878.0,189.0,381.0,381.0,24.0,186.51443569553805,1
53,187.0,14.0,0.0,1.0,1.0,22.0,187.0,1
54,117447.0,2645.0,532.0,624.0,624.0,24.0,188.21634615384616,1
55,10515.0,1440.0,119.0,55.0,55.0,20.0,191.1818181818182,1
56,76294.0,7100.0,606.0,388.0,388.0,22.0,196.6340206185567,1
57,732490.0,42793.0,2481.0,3701.0,3701.0,24.0,197.91677924885167,1
58,456268.0,35466.0,0.0,2296.0,2296.0,24.0,198.72299651567945,1
59,80490.0,1629.0,328.0,402.0,402.0,1.0,200.22388059701493,1
60,5050.0,480.0,51.0,25.0,25.0,24.0,202.0,1
61,7102.0,717.0,130.0,35.0,35.0,24.0,202.9142857142857,1
62,609.0,15.0,0.0,3.0,3.0,22.0,203.0,1
63,236853.0,19013.0,1753.0,1158.0,1158.0,23.0,204.53626943005182,1
64,127987.0,13905.0,1630.0,624.0,624.0,20.0,205.1073717948718,1
65,31342.0,1490.0,290.0,150.0,150.0,24.0,208.94666666666666,1
66,22154.0,1776.0,190.0,106.0,106.0,22.0,209.0,1
67,47587.0,8198.0,1342.0,226.0,226.0,20.0,210.56194690265488,1
68,10089.0,1074.0,87.0,47.0,47.0,22.0,214.6595744680851,1
69,367322.0,18611.0,1218.0,1707.0,1707.0,23.0,215.18570591681313,1
70,5600.0,536.0,76.0,26.0,26.0,22.0,215.3846153846154,1
71,418643.0,3859.0,4126.0,1935.0,1935.0,24.0,216.3529715762274,1
72,39867.0,3305.0,1546.0,184.0,184.0,22.0,216.66847826086956,1
73,8800.0,840.0,100.0,40.0,40.0,22.0,220.0,1
74,17950.0,1716.0,107.0,81.0,81.0,24.0,221.60493827160494,1
75,13329.0,2175.0,109.0,60.0,60.0,24.0,222.15,1
76,15417.0,4209.0,711.0,69.0,69.0,23.0,223.43478260869566,1
77,120849.0,18465.0,1177.0,540.0,540.0,20.0,223.79444444444445,1
78,25762856.0,222603.0,20901.0,114797.0,114797.0,22.0,224.42098661114838,1
79,1275400.0,79217.0,4181.0,5659.0,5659.0,23.0,225.37550804028982,1
80,16548.0,1807.0,531.0,73.0,73.0,24.0,226.68493150684932,1
81,682.0,92.0,19.0,3.0,3.0,1.0,227.33333333333334,1
82,34994.0,3475.0,419.0,153.0,153.0,22.0,228.718954248366,1
83,942289.0,154874.0,5498.0,4101.0,4101.0,22.0,229.77054376981224,1
84,5523.0,1346.0,182.0,24.0,24.0,22.0,230.125,1
85,6683.0,393.0,23.0,29.0,29.0,24.0,230.44827586206895,1
86,111411.0,11915.0,587.0,483.0,483.0,24.0,230.66459627329192,1
87,253751.0,18979.0,1251.0,1098.0,1098.0,23.0,231.10291438979962,1
88,676445.0,84126.0,0.0,2916.0,2916.0,19.0,231.9770233196159,1
89,697.0,58.0,21.0,3.0,3.0,22.0,232.33333333333334,1
90,105375.0,3122.0,171.0,449.0,449.0,24.0,234.6881959910913,1
91,23281.0,1013.0,287.0,99.0,99.0,24.0,235.16161616161617,1
92,143276.0,24781.0,2267.0,608.0,608.0,24.0,235.65131578947367,1
93,8250.0,1606.0,412.0,35.0,35.0,1.0,235.71428571428572,1
94,4554.0,488.0,110.0,19.0,19.0,22.0,239.68421052631578,1
95,4569.0,109.0,47.0,19.0,19.0,22.0,240.47368421052633,1
96,2170.0,208.0,51.0,9.0,9.0,23.0,241.11111111111111,1
97,9423.0,1219.0,45.0,39.0,39.0,24.0,241.6153846153846,1
98,120872.0,14046.0,4894.0,498.0,498.0,24.0,242.71485943775102,1
99,248675.0,23278.0,3010.0,1017.0,1017.0,20.0,244.51819075712882,1
100,396492.0,45023.0,3307.0,1617.0,1617.0,24.0,245.2022263450835,1
101,492.0,6.0,0.0,2.0,2.0,22.0,246.0,1
102,1230.0,119.0,11.0,5.0,5.0,1.0,246.0,1
103,122888.0,3444.0,404.0,497.0,497.0,24.0,247.25955734406438,1
104,36596.0,4895.0,415.0,148.0,148.0,22.0,247.27027027027026,1
105,94599.0,10133.0,897.0,382.0,382.0,23.0,247.6413612565445,1
106,97680.0,3298.0,334.0,392.0,392.0,19.0,249.18367346938774,1
107,805796.0,33921.0,1584.0,3196.0,3196.0,24.0,252.1264080100125,1
108,2817.0,303.0,177.0,11.0,11.0,24.0,256.09090909090907,1
109,5331423.0,33722.0,10304.0,20606.0,20606.0,24.0,258.73158303406774,1
110,363050.0,29882.0,1442.0,1403.0,1403.0,24.0,258.76692801140416,1
111,22217910.0,407437.0,56480.0,85761.0,85761.0,1.0,259.06775807185085,1
112,784.0,95.0,0.0,3.0,3.0,22.0,261.3333333333333,1
113,2358.0,255.0,69.0,9.0,9.0,24.0,262.0,1
114,49327.0,6151.0,606.0,188.0,188.0,24.0,262.3776595744681,1
115,27224.0,835.0,186.0,103.0,103.0,20.0,264.31067961165047,1
116,77092.0,5854.0,391.0,290.0,290.0,24.0,265.8344827586207,1
117,126554.0,8208.0,39.0,476.0,476.0,24.0,265.8697478991597,1
118,452250.0,17243.0,4224.0,1701.0,1701.0,1.0,265.87301587301585,1
119,4528.0,532.0,117.0,17.0,17.0,23.0,266.3529411764706,1
120,43437.0,819.0,88.0,163.0,163.0,1.0,266.4846625766871,1
121,9070.0,873.0,24.0,34.0,34.0,24.0,266.7647058823529,1
122,40037.0,860.0,0.0,149.0,149.0,24.0,268.7046979865772,1
123,1076.0,106.0,6.0,4.0,4.0,1.0,269.0,1
124,30440.0,1030.0,154.0,113.0,113.0,22.0,269.3805309734513,1
125,672749.0,14184.0,6027.0,2490.0,2490.0,24.0,270.18032128514056,1
126,79440.0,7653.0,222.0,294.0,294.0,24.0,270.2040816326531,1
127,7566528.0,50439.0,0.0,27988.0,27988.0,1.0,270.3490067171645,1
128,148014.0,14735.0,2043.0,547.0,547.0,24.0,270.5923217550274,1
129,8146.0,456.0,202.0,30.0,30.0,22.0,271.53333333333336,1
130,30165.0,2830.0,271.0,111.0,111.0,24.0,271.7567567567568,1
131,17955.0,1929.0,140.0,66.0,66.0,24.0,272.04545454545456,1
132,253935.0,27299.0,1031.0,927.0,927.0,23.0,273.93203883495147,1
133,43640.0,8764.0,328.0,159.0,159.0,24.0,274.4654088050315,1
134,49353.0,9803.0,358.0,179.0,179.0,24.0,275.7150837988827,1
135,96796.0,12427.0,931.0,348.0,348.0,23.0,278.14942528735634,1
136,68981.0,10764.0,1888.0,246.0,246.0,22.0,280.4105691056911,1
137,243178.0,20157.0,0.0,866.0,866.0,24.0,280.80600461893766,1
138,161065.0,3965.0,401.0,571.0,571.0,24.0,282.0753064798599,1
139,30929.0,2756.0,360.0,109.0,109.0,24.0,283.7522935779817,1
140,31244.0,3565.0,1035.0,110.0,110.0,20.0,284.03636363636366,1
141,527352.0,41316.0,3268.0,1854.0,1854.0,23.0,284.4401294498382,1
142,1110046.0,106173.0,8254.0,3874.0,3874.0,20.0,286.53742901393906,1
143,182458.0,10454.0,1142.0,632.0,632.0,24.0,288.6993670886076,1
144,9323.0,477.0,22.0,32.0,32.0,24.0,291.34375,1
145,13134.0,762.0,72.0,45.0,45.0,24.0,291.8666666666667,1
146,1170.0,129.0,0.0,4.0,4.0,1.0,292.5,1
147,6538.0,912.0,127.0,22.0,22.0,19.0,297.1818181818182,1
148,10817.0,628.0,96.0,36.0,36.0,22.0,300.47222222222223,1
149,2356201.0,182791.0,4117.0,7781.0,7781.0,24.0,302.8146767767639,1
150,12214.0,773.0,59.0,40.0,40.0,24.0,305.35,1
151,6733.0,674.0,213.0,22.0,22.0,19.0,306.04545454545456,1
152,477147.0,33057.0,7799.0,1553.0,1553.0,20.0,307.24211204121053,1
153,126279.0,9429.0,613.0,405.0,405.0,24.0,311.8,1
154,4095.0,397.0,0.0,13.0,13.0,24.0,315.0,1
155,4428.0,356.0,21.0,14.0,14.0,22.0,316.2857142857143,1
156,4961038.0,53033.0,3582.0,15588.0,15588.0,23.0,318.2600718501411,1
157,1597.0,74.0,5.0,5.0,5.0,24.0,319.4,1
158,742152.0,53010.0,2756.0,2315.0,2315.0,22.0,320.5840172786177,1
159,20218.0,667.0,60.0,63.0,63.0,22.0,320.92063492063494,1
160,232407.0,16041.0,1000.0,724.0,724.0,19.0,321.00414364640886,1
161,15537.0,1087.0,58.0,48.0,48.0,24.0,323.6875,1
162,1320260.0,81197.0,7626.0,4000.0,4000.0,22.0,330.065,1
163,9431778.0,385975.0,13291.0,28565.0,28565.0,24.0,330.1865219674427,1
164,333.0,80.0,45.0,1.0,1.0,24.0,333.0,1
165,8350.0,814.0,85.0,25.0,25.0,19.0,334.0,1
166,709943.0,75747.0,1697.0,2102.0,2102.0,22.0,337.7464319695528,1
167,25404.0,3524.0,420.0,75.0,75.0,24.0,338.72,1
168,1180421.0,8564.0,0.0,3484.0,3484.0,24.0,338.81199770378873,1
169,182856.0,13520.0,857.0,539.0,539.0,24.0,339.25046382189237,1
170,287895.0,24025.0,3136.0,847.0,847.0,24.0,339.8996458087367,1
171,430765.0,16249.0,2527.0,1257.0,1257.0,23.0,342.69291964996023,1
172,2688285.0,11638.0,1.0,7810.0,7810.0,22.0,344.21062740076826,1
173,61273.0,3445.0,1081.0,177.0,177.0,1.0,346.17514124293785,1
174,29450.0,2861.0,200.0,85.0,85.0,23.0,346.47058823529414,1
175,17342.0,1102.0,270.0,50.0,50.0,22.0,346.84,1
176,354075.0,27375.0,2645.0,1017.0,1017.0,23.0,348.15634218289085,1
177,67563.0,6083.0,393.0,194.0,194.0,22.0,348.2628865979381,1
178,461602.0,2852.0,0.0,1319.0,1319.0,24.0,349.9636087945413,1
179,96024.0,21125.0,1001.0,274.0,274.0,20.0,350.45255474452557,1
180,69853.0,9802.0,638.0,196.0,196.0,23.0,356.39285714285717,1
181,282788.0,22754.0,1018.0,793.0,793.0,23.0,356.60529634300127,1
182,216033.0,14471.0,3369.0,601.0,601.0,22.0,359.45590682196337,1
183,2148627.0,46654.0,1418.0,5952.0,5952.0,1.0,360.992439516129,1
184,1118462.0,4744.0,1496.0,3096.0,3096.0,1.0,361.26033591731266,1
185,13728.0,1686.0,472.0,38.0,38.0,24.0,361.2631578947368,1
186,1052939.0,104093.0,0.0,2894.0,2894.0,22.0,363.83517622667586,1
187,211085.0,10994.0,459.0,580.0,580.0,24.0,363.9396551724138,1
188,142055.0,11292.0,938.0,390.0,390.0,24.0,364.2435897435897,1
189,2222625.0,10619.0,0.0,6097.0,6097.0,24.0,364.54403805150076,1
190,25316399.0,149721.0,0.0,69372.0,69372.0,1.0,364.93684771954105,1
191,29664.0,701.0,26.0,81.0,81.0,23.0,366.22222222222223,1
192,1251816.0,204057.0,9125.0,3395.0,3395.0,22.0,368.7234167893962,1
193,69040.0,15457.0,1220.0,186.0,186.0,24.0,371.18279569892474,1
194,3726.0,404.0,79.0,10.0,10.0,24.0,372.6,1
195,444438.0,34166.0,2106.0,1192.0,1192.0,23.0,372.8506711409396,1
196,37073.0,5244.0,518.0,99.0,99.0,1.0,374.47474747474746,1
197,1886.0,235.0,34.0,5.0,5.0,19.0,377.2,1
198,1749731.0,47900.0,4320.0,4618.0,4618.0,24.0,378.89367691641405,1
199,331913.0,13035.0,1957.0,875.0,875.0,22.0,379.32914285714287,1
200,549273.0,50134.0,3656.0,1447.0,1447.0,24.0,379.5943331029717,1
201,59640.0,5473.0,82.0,157.0,157.0,23.0,379.87261146496814,1
202,12552.0,1539.0,193.0,33.0,33.0,22.0,380.3636363636364,1
203,157670.0,901.0,0.0,413.0,413.0,24.0,381.7675544794189,1
204,14906.0,678.0,47.0,39.0,39.0,24.0,382.20512820512823,1
205,37461.0,2728.0,858.0,98.0,98.0,24.0,382.2551020408163,1
206,167439.0,4153.0,227.0,437.0,437.0,24.0,383.15560640732264,1
207,80581.0,8173.0,292.0,210.0,210.0,24.0,383.7190476190476,1
208,52615.0,9976.0,877.0,137.0,137.0,24.0,384.05109489051097,1
209,34570.0,5322.0,984.0,90.0,90.0,24.0,384.1111111111111,1
210,760764.0,32079.0,1046.0,1970.0,1970.0,22.0,386.1746192893401,1
211,1058606.0,100026.0,3089.0,2741.0,2741.0,24.0,386.2116016052536,1
212,554404.0,38895.0,2353.0,1429.0,1429.0,23.0,387.9664100769769,1
213,3882986.0,488705.0,38745.0,9972.0,9972.0,23.0,389.3888888888889,1
214,38589.0,795.0,635.0,99.0,99.0,24.0,389.7878787878788,1
215,290578.0,14703.0,664.0,745.0,745.0,24.0,390.0375838926175,1
216,5723073.0,26724.0,0.0,14647.0,14647.0,24.0,390.7334607769509,1
217,465946.0,12064.0,331.0,1183.0,1183.0,24.0,393.86813186813185,1
218,171385.0,8553.0,402.0,434.0,434.0,24.0,394.8963133640553,1
219,65684.0,5125.0,1245.0,166.0,166.0,20.0,395.68674698795184,1
220,4231069.0,18612.0,0.0,10665.0,10665.0,1.0,396.72470698546647,1
221,107605.0,6929.0,656.0,271.0,271.0,22.0,397.06642066420665,1
222,37732.0,1768.0,237.0,95.0,95.0,24.0,397.17894736842106,1
223,256053.0,22442.0,1167.0,643.0,643.0,23.0,398.2161741835148,1
224,37911.0,2928.0,731.0,95.0,95.0,24.0,399.06315789473683,1
225,158534.0,18319.0,543.0,397.0,397.0,23.0,399.3299748110831,1
226,232582.0,15623.0,802.0,581.0,581.0,22.0,400.31325301204816,1
227,9526976.0,234259.0,13403.0,23789.0,23789.0,24.0,400.4782042120308,1
228,42898.0,970.0,129.0,107.0,107.0,1.0,400.9158878504673,1
229,136668.0,2525.0,0.0,338.0,338.0,23.0,404.3431952662722,1
230,31698.0,3294.0,433.0,78.0,78.0,22.0,406.38461538461536,1
231,643876.0,4639.0,0.0,1582.0,1582.0,1.0,407.00126422250315,1
232,24450.0,4670.0,292.0,60.0,60.0,24.0,407.5,1
233,4165521.0,18624.0,2441.0,10200.0,10200.0,24.0,408.3844117647059,1
234,24561.0,2672.0,75.0,60.0,60.0,22.0,409.35,1
235,56108.0,2338.0,378.0,136.0,136.0,22.0,412.55882352941177,1
236,1497178.0,105693.0,8186.0,3626.0,3626.0,22.0,412.90071704357416,1
237,818365.0,86470.0,3926.0,1970.0,1970.0,24.0,415.4137055837563,1
238,139273.0,17977.0,2066.0,333.0,333.0,22.0,418.23723723723725,1
239,6695.0,1260.0,198.0,16.0,16.0,20.0,418.4375,1
240,128997.0,9886.0,961.0,308.0,308.0,22.0,418.82142857142856,1
241,10898.0,158.0,14.0,26.0,26.0,22.0,419.15384615384613,1
242,72145.0,2227.0,494.0,172.0,172.0,22.0,419.44767441860466,1
243,67610.0,809.0,32.0,161.0,161.0,24.0,419.9378881987578,1
244,66367.0,6696.0,296.0,158.0,158.0,22.0,420.04430379746833,1
245,15999.0,1883.0,246.0,38.0,38.0,20.0,421.0263157894737,1
246,49346.0,6824.0,332.0,117.0,117.0,22.0,421.7606837606838,1
247,5085.0,553.0,95.0,12.0,12.0,24.0,423.75,1
248,22588641.0,130427.0,0.0,52826.0,52826.0,24.0,427.60460757960095,1
249,13687.0,596.0,22.0,32.0,32.0,24.0,427.71875,1
250,18460.0,2153.0,455.0,43.0,43.0,24.0,429.30232558139534,1
251,435393.0,35586.0,2294.0,1014.0,1014.0,23.0,429.3816568047337,1
252,50820268.0,149337.0,118.0,118154.0,118154.0,1.0,430.11889567852126,1
253,2152.0,264.0,148.0,5.0,5.0,24.0,430.4,1
254,546735.0,20810.0,1995.0,1270.0,1270.0,23.0,430.5,1
255,6903943.0,160356.0,9080.0,16037.0,16037.0,24.0,430.500904159132,1
256,152708.0,22116.0,1560.0,354.0,354.0,20.0,431.3785310734463,1
257,11299.0,1779.0,115.0,26.0,26.0,23.0,434.5769230769231,1
258,57474.0,1872.0,0.0,132.0,132.0,1.0,435.40909090909093,1
259,334978.0,28396.0,2166.0,769.0,769.0,23.0,435.60208062418724,1
260,99340.0,7833.0,1037.0,228.0,228.0,22.0,435.70175438596493,1
261,4422561.0,32734.0,0.0,10129.0,10129.0,22.0,436.623654852404,1
262,1941507.0,42305.0,1657.0,4441.0,4441.0,24.0,437.1778878630939,1
263,114598.0,11268.0,771.0,262.0,262.0,24.0,437.39694656488547,1
264,16243.0,1491.0,118.0,37.0,37.0,24.0,439.0,1
265,209969.0,5275.0,468.0,478.0,478.0,24.0,439.265690376569,1
266,111259.0,519.0,0.0,253.0,253.0,1.0,439.75889328063244,1
267,123558.0,1465.0,0.0,279.0,279.0,24.0,442.86021505376345,1
268,136501.0,3127.0,47.0,308.0,308.0,1.0,443.18506493506493,1
269,157879.0,3805.0,548.0,356.0,356.0,24.0,443.4803370786517,1
270,647085.0,36622.0,1643.0,1454.0,1454.0,24.0,445.0378266850069,1
271,118424.0,4175.0,1326.0,266.0,266.0,24.0,445.203007518797,1
272,1783.0,16.0,0.0,4.0,4.0,22.0,445.75,1
273,244853.0,13350.0,783.0,548.0,548.0,20.0,446.8120437956204,1
274,204015.0,13005.0,2528.0,456.0,456.0,24.0,447.4013157894737,1
275,18880.0,944.0,201.0,42.0,42.0,24.0,449.5238095238095,1
276,129482.0,7783.0,1103.0,288.0,288.0,24.0,449.59027777777777,1
277,129200.0,15749.0,909.0,286.0,286.0,23.0,451.74825174825173,1
278,7228.0,679.0,43.0,16.0,16.0,24.0,451.75,1
279,527782.0,3075.0,0.0,1162.0,1162.0,24.0,454.2013769363167,1
280,55244441.0,440491.0,0.0,121141.0,121141.0,22.0,456.03421632642954,1
281,1088277.0,11844.0,0.0,2383.0,2383.0,22.0,456.68359211078473,1
282,68511.0,4733.0,198.0,150.0,150.0,22.0,456.74,1
283,42960.0,4808.0,263.0,94.0,94.0,22.0,457.02127659574467,1
284,4306619.0,38849.0,3366.0,9353.0,9353.0,24.0,460.4532235646317,1
285,343020.0,40340.0,2487.0,743.0,743.0,24.0,461.66890982503367,1
286,4619.0,647.0,203.0,10.0,10.0,20.0,461.9,1
287,65936.0,381.0,0.0,142.0,142.0,24.0,464.3380281690141,1
288,1253542.0,55264.0,1726.0,2685.0,2685.0,1.0,466.8685288640596,1
289,118957.0,8467.0,390.0,254.0,254.0,23.0,468.3346456692913,1
290,1015867.0,101389.0,12050.0,2166.0,2166.0,24.0,469.0060018467221,1
291,64378.0,6398.0,250.0,137.0,137.0,24.0,469.9124087591241,1
292,26349.0,2039.0,118.0,56.0,56.0,22.0,470.51785714285717,1
293,942.0,59.0,0.0,2.0,2.0,24.0,471.0,1
294,37860.0,2507.0,1018.0,80.0,80.0,24.0,473.25,1
295,30800.0,3020.0,375.0,65.0,65.0,24.0,473.84615384615387,1
296,150730.0,9719.0,2746.0,318.0,318.0,22.0,473.9937106918239,1
297,1354168.0,10046.0,0.0,2853.0,2853.0,24.0,474.64703820539785,1
298,20905.0,3518.0,309.0,44.0,44.0,24.0,475.1136363636364,1
299,50871.0,2117.0,1122.0,107.0,107.0,24.0,475.4299065420561,1
300,6944610.0,37568.0,1523.0,14598.0,14598.0,24.0,475.7233867653103,1
301,221951.0,10292.0,0.0,466.0,466.0,22.0,476.28969957081546,1
302,205725657.0,983015.0,0.0,428998.0,428998.0,24.0,479.5492216746931,1
303,32743.0,3373.0,382.0,68.0,68.0,22.0,481.5147058823529,1
304,6261.0,1776.0,252.0,13.0,13.0,1.0,481.61538461538464,1
305,15552391.0,72033.0,0.0,32255.0,32255.0,24.0,482.1699271430786,1
306,4828.0,338.0,205.0,10.0,10.0,24.0,482.8,1
307,93861.0,7564.0,725.0,194.0,194.0,24.0,483.819587628866,1
308,5807.0,1250.0,135.0,12.0,12.0,1.0,483.9166666666667,1
309,236773.0,4651.0,214.0,489.0,489.0,23.0,484.19836400817996,1
310,631195.0,32597.0,670.0,1296.0,1296.0,22.0,487.03317901234567,1
311,113020.0,1026.0,94.0,232.0,232.0,24.0,487.1551724137931,1
312,234252.0,15905.0,2529.0,479.0,479.0,22.0,489.0438413361169,1
313,28452.0,2526.0,404.0,58.0,58.0,20.0,490.55172413793105,1
314,5726621.0,42070.0,1401.0,11607.0,11607.0,24.0,493.3764969415008,1
315,278083.0,13546.0,800.0,563.0,563.0,24.0,493.93072824156303,1
316,13552867.0,90202.0,3363.0,27401.0,27401.0,1.0,494.61213094412614,1
317,394455.0,6034.0,0.0,797.0,797.0,20.0,494.92471769134255,1
318,77596.0,9156.0,1194.0,156.0,156.0,22.0,497.4102564102564,1
319,9456.0,1142.0,317.0,19.0,19.0,1.0,497.6842105263158,1
320,40926.0,447.0,34.0,82.0,82.0,19.0,499.0975609756098,1
321,2997.0,267.0,227.0,6.0,6.0,20.0,499.5,1
322,9992.0,2019.0,0.0,20.0,20.0,24.0,499.6,1
323,858787.0,58410.0,2300.0,1714.0,1714.0,23.0,501.04259043173863,1
324,137870.0,11100.0,475.0,275.0,275.0,24.0,501.3454545454546,1
325,156700.0,703.0,0.0,312.0,312.0,1.0,502.2435897435897,1
326,42192.0,1555.0,318.0,84.0,84.0,24.0,502.2857142857143,1
327,3628320.0,308385.0,14823.0,7221.0,7221.0,22.0,502.46780224345656,1
328,78037.0,4427.0,221.0,154.0,154.0,24.0,506.73376623376623,1
329,29931.0,164.0,0.0,59.0,59.0,24.0,507.3050847457627,1
330,392863.0,30599.0,1862.0,771.0,771.0,22.0,509.54993514915697,1
331,9266500.0,618694.0,38729.0,18179.0,18179.0,23.0,509.73650915891966,1
332,18390.0,1807.0,133.0,36.0,36.0,22.0,510.8333333333333,1
333,500546.0,6119.0,0.0,977.0,977.0,24.0,512.3295803480041,1
334,264937.0,22253.0,1691.0,516.0,516.0,24.0,513.4437984496124,1
335,22151.0,1941.0,110.0,43.0,43.0,24.0,515.1395348837209,1
336,85799.0,352.0,0.0,166.0,166.0,24.0,516.8614457831326,1
337,504361.0,14513.0,656.0,975.0,975.0,24.0,517.2933333333333,1
338,72155.0,800.0,0.0,139.0,139.0,24.0,519.1007194244604,1
339,297720.0,22993.0,774.0,570.0,570.0,24.0,522.3157894736842,1
340,28286.0,5642.0,464.0,54.0,54.0,1.0,523.8148148148148,1
341,94358.0,2264.0,0.0,179.0,179.0,24.0,527.1396648044692,1
342,42707.0,2773.0,137.0,81.0,81.0,24.0,527.2469135802469,1
343,107179.0,1668.0,20.0,203.0,203.0,24.0,527.9753694581281,1
344,1322717.0,10534.0,0.0,2505.0,2505.0,24.0,528.030738522954,1
345,2688947.0,225248.0,8211.0,5069.0,5069.0,22.0,530.4689287827974,1
346,1807006.0,125367.0,7334.0,3400.0,3400.0,24.0,531.4723529411765,1
347,29262.0,386.0,223.0,55.0,55.0,22.0,532.0363636363636,1
348,6929.0,767.0,70.0,13.0,13.0,24.0,533.0,1
349,7555627.0,134900.0,12013.0,14158.0,14158.0,24.0,533.6648537929086,1
350,658810.0,5377.0,195.0,1233.0,1233.0,24.0,534.3146796431467,1
351,2139.0,86.0,42.0,4.0,4.0,19.0,534.75,1
352,241287.0,4657.0,662.0,451.0,451.0,24.0,535.0044345898004,1
353,76630.0,2113.0,493.0,143.0,143.0,23.0,535.8741258741259,1
354,78797.0,5459.0,448.0,147.0,147.0,22.0,536.0340136054422,1
355,22541.0,1057.0,209.0,42.0,42.0,24.0,536.6904761904761,1
356,325690.0,2377.0,104.0,606.0,606.0,24.0,537.4422442244224,1
357,149955.0,1167.0,70.0,279.0,279.0,24.0,537.4731182795699,1
358,718265.0,7928.0,0.0,1336.0,1336.0,24.0,537.623502994012,1
359,185562.0,3073.0,0.0,345.0,345.0,24.0,537.8608695652174,1
360,95004.0,1880.0,0.0,176.0,176.0,24.0,539.7954545454545,1
361,330902.0,5486.0,12.0,613.0,613.0,22.0,539.8075040783034,1
362,1811571.0,8366.0,179.0,3337.0,3337.0,24.0,542.8741384477075,1
363,84191.0,3355.0,0.0,155.0,155.0,24.0,543.1677419354838,1
364,22318.0,2737.0,513.0,41.0,41.0,24.0,544.3414634146342,1
365,22882.0,792.0,50.0,42.0,42.0,24.0,544.8095238095239,1
366,368591.0,2970.0,167.0,675.0,675.0,24.0,546.0607407407407,1
367,18574.0,1131.0,258.0,34.0,34.0,22.0,546.2941176470588,1
368,19146.0,680.0,54.0,35.0,35.0,24.0,547.0285714285715,1
369,185117.0,1756.0,47.0,338.0,338.0,24.0,547.6834319526628,1
370,155692.0,2818.0,159.0,283.0,283.0,1.0,550.148409893993,1
371,825604.0,19680.0,1217.0,1500.0,1500.0,24.0,550.4026666666666,1
372,599410.0,6417.0,184.0,1089.0,1089.0,24.0,550.4224058769513,1
373,2524811.0,65008.0,30189.0,4586.0,4586.0,24.0,550.5475359790668,1
374,341248.0,9246.0,636.0,619.0,619.0,24.0,551.2891760904685,1
375,561300.0,32352.0,1335.0,1017.0,1017.0,24.0,551.9174041297935,1
376,1336266.0,58796.0,0.0,2417.0,2417.0,24.0,552.861398427803,1
377,59822.0,1749.0,341.0,108.0,108.0,24.0,553.9074074074074,1
378,340710.0,3005.0,99.0,615.0,615.0,22.0,554.0,1
379,29383.0,4248.0,313.0,53.0,53.0,24.0,554.3962264150944,1
380,226861.0,13424.0,1283.0,409.0,409.0,22.0,554.6723716381418,1
381,163853.0,5507.0,953.0,295.0,295.0,22.0,555.4338983050848,1
382,6668.0,363.0,87.0,12.0,12.0,22.0,555.6666666666666,1
383,800953.0,21697.0,1589.0,1439.0,1439.0,23.0,556.6038915913829,1
384,1130963.0,22833.0,1154.0,2029.0,2029.0,24.0,557.3992114342041,1
385,660191.0,23607.0,3397.0,1182.0,1182.0,24.0,558.5372250423012,1
386,95625.0,4754.0,607.0,171.0,171.0,24.0,559.2105263157895,1
387,297512.0,36680.0,2007.0,532.0,532.0,22.0,559.2330827067669,1
388,46428.0,2289.0,0.0,83.0,83.0,24.0,559.3734939759037,1
389,183048.0,9165.0,389.0,325.0,325.0,24.0,563.2246153846154,1
390,3386.0,36.0,30.0,6.0,6.0,22.0,564.3333333333334,1
391,32671400.0,148125.0,295.0,57866.0,57866.0,20.0,564.6044309266235,1
392,143689.0,1150.0,47.0,254.0,254.0,1.0,565.7047244094488,1
393,773888.0,21352.0,1636.0,1367.0,1367.0,24.0,566.121433796635,1
394,235791.0,1382.0,24.0,416.0,416.0,24.0,566.8052884615385,1
395,1389241.0,14500.0,600.0,2446.0,2446.0,23.0,567.9644317252657,1
396,168374.0,13038.0,1109.0,296.0,296.0,22.0,568.831081081081,1
397,119505.0,11024.0,1686.0,210.0,210.0,24.0,569.0714285714286,1
398,1622298.0,9253.0,201.0,2846.0,2846.0,22.0,570.0274068868588,1
399,33640.0,2137.0,242.0,59.0,59.0,24.0,570.1694915254237,1
400,76054.0,18969.0,2676.0,133.0,133.0,23.0,571.8345864661654,1
401,308395.0,30741.0,2396.0,539.0,539.0,19.0,572.1614100185528,1
402,24156.0,2416.0,427.0,42.0,42.0,24.0,575.1428571428571,1
403,200187275.0,850427.0,1370.0,347342.0,347342.0,20.0,576.3405375681605,1
404,48498.0,2697.0,206.0,84.0,84.0,22.0,577.3571428571429,1
405,530719.0,24305.0,1158.0,919.0,919.0,24.0,577.4961915125136,1
406,1199262.0,10420.0,785.0,2075.0,2075.0,22.0,577.9575903614458,1
407,69489.0,411.0,0.0,120.0,120.0,1.0,579.075,1
408,7366895.0,244941.0,150899.0,12708.0,12708.0,24.0,579.705303745672,1
409,1032504.0,27431.0,7030.0,1781.0,1781.0,22.0,579.7327344188658,1
410,6248852.0,97480.0,3515.0,10771.0,10771.0,24.0,580.1552316405161,1
411,1161.0,206.0,19.0,2.0,2.0,1.0,580.5,1
412,242699.0,4910.0,221.0,418.0,418.0,24.0,580.6196172248804,1
413,269402.0,8472.0,1019.0,463.0,463.0,23.0,581.8617710583153,1
414,1096928.0,5145.0,0.0,1880.0,1880.0,24.0,583.4723404255319,1
415,1105427.0,9729.0,316.0,1894.0,1894.0,1.0,583.6467793030623,1
416,1612309.0,8979.0,0.0,2758.0,2758.0,24.0,584.5935460478607,1
417,205163.0,29567.0,4959.0,350.0,350.0,22.0,586.18,1
418,417738.0,13141.0,701.0,712.0,712.0,24.0,586.7106741573034,1
419,429100.0,13053.0,794.0,731.0,731.0,24.0,587.0041039671682,1
420,4164308.0,75953.0,10280.0,7090.0,7090.0,24.0,587.3495063469676,1
421,14110.0,215.0,49.0,24.0,24.0,22.0,587.9166666666666,1
422,936366.0,75716.0,4777.0,1592.0,1592.0,24.0,588.1695979899497,1
423,11177.0,1108.0,223.0,19.0,19.0,22.0,588.2631578947369,1
424,88638.0,3660.0,144.0,150.0,150.0,20.0,590.92,1
425,11826.0,835.0,109.0,20.0,20.0,22.0,591.3,1
426,5344.0,179.0,49.0,9.0,9.0,22.0,593.7777777777778,1
427,2561276.0,16157.0,0.0,4313.0,4313.0,22.0,593.8502202643172,1
428,3196671.0,17424.0,538.0,5378.0,5378.0,1.0,594.3977314986984,1
429,7745.0,1012.0,466.0,13.0,13.0,24.0,595.7692307692307,1
430,287555.0,63655.0,2580.0,482.0,482.0,24.0,596.5871369294606,1
431,20300.0,910.0,68.0,34.0,34.0,24.0,597.0588235294117,1
432,1311636.0,33679.0,6497.0,2196.0,2196.0,22.0,597.2841530054645,1
433,104638300.0,452203.0,7176.0,175019.0,175019.0,23.0,597.868231449157,1
434,143527.0,2445.0,231.0,240.0,240.0,22.0,598.0291666666667,1
435,2168231.0,67408.0,2562.0,3608.0,3608.0,1.0,600.9509423503326,1
436,557375.0,44810.0,2976.0,927.0,927.0,22.0,601.267529665588,1
437,2406.0,23.0,10.0,4.0,4.0,22.0,601.5,1
438,1730785.0,32964.0,883.0,2872.0,2872.0,24.0,602.641016713092,1
439,3027769.0,37094.0,1207.0,5023.0,5023.0,24.0,602.7810073661159,1
440,87657.0,4074.0,447.0,145.0,145.0,1.0,604.5310344827586,1
441,25293064.0,105196.0,20.0,41771.0,41771.0,22.0,605.5173206291446,1
442,8695798.0,86520.0,4418.0,14279.0,14279.0,22.0,608.9920862805518,1
443,791067.0,56698.0,4690.0,1297.0,1297.0,22.0,609.9205859676176,1
444,38483.0,4552.0,264.0,63.0,63.0,20.0,610.8412698412699,1
445,9020837.0,641866.0,29321.0,14758.0,14758.0,24.0,611.2506437186611,1
446,737731.0,30623.0,3971.0,1205.0,1205.0,24.0,612.2248962655601,1
447,7998147.0,480282.0,22101.0,13060.0,13060.0,1.0,612.4155436447166,1
448,515059.0,14284.0,783.0,841.0,841.0,24.0,612.436385255648,1
449,3675.0,50.0,14.0,6.0,6.0,22.0,612.5,1
450,712479.0,6191.0,182.0,1163.0,1163.0,24.0,612.621668099742,1
451,109754.0,11125.0,2170.0,179.0,179.0,20.0,613.1508379888268,1
452,106281.0,15904.0,2145.0,173.0,173.0,22.0,614.3410404624277,1
453,528081965.0,1533909.0,0.0,859214.0,859214.0,1.0,614.6105219421471,1
454,62747.0,4133.0,144.0,102.0,102.0,24.0,615.1666666666666,1
455,764698.0,57125.0,8028.0,1243.0,1243.0,20.0,615.2035398230089,1
456,297817.0,3162.0,424.0,484.0,484.0,24.0,615.3243801652893,1
457,48994847.0,193264.0,4108.0,79577.0,79577.0,23.0,615.6910539477487,1
458,14111224.0,72182.0,0.0,22905.0,22905.0,24.0,616.0761405806593,1
459,22882.0,2282.0,63.0,37.0,37.0,20.0,618.4324324324324,1
460,1853494.0,306611.0,18722.0,2988.0,2988.0,24.0,620.3125836680053,1
461,4988048.0,87488.0,10046.0,8040.0,8040.0,1.0,620.4039800995025,1
462,293147.0,3690.0,284.0,472.0,472.0,22.0,621.0741525423729,1
463,19983612.0,105372.0,2823.0,32156.0,32156.0,23.0,621.4582659534768,1
464,71675.0,838.0,101.0,115.0,115.0,1.0,623.2608695652174,1
465,147095.0,2005.0,56.0,236.0,236.0,24.0,623.2838983050848,1
466,167315.0,1301.0,65.0,268.0,268.0,22.0,624.3097014925373,1
467,632024.0,38008.0,5512.0,1012.0,1012.0,20.0,624.5296442687747,1
468,245703.0,2532.0,125.0,392.0,392.0,23.0,626.7933673469388,1
469,1170964.0,9073.0,278.0,1865.0,1865.0,24.0,627.8627345844504,1
470,1057664762.0,3102710.0,0.0,1684227.0,1684227.0,24.0,627.9823099855305,1
471,576724.0,42465.0,3656.0,915.0,915.0,22.0,630.2994535519126,1
472,6808307.0,51282.0,1501.0,10800.0,10800.0,23.0,630.3987962962963,1
473,291110.0,2107.0,0.0,461.0,461.0,1.0,631.4750542299349,1
474,11380.0,1335.0,67.0,18.0,18.0,23.0,632.2222222222222,1
475,39847.0,1745.0,127.0,63.0,63.0,22.0,632.4920634920635,1
476,844075.0,18132.0,1777.0,1334.0,1334.0,19.0,632.73988005997,1
477,8238.0,90.0,5.0,13.0,13.0,24.0,633.6923076923077,1
478,55282.0,3471.0,204.0,87.0,87.0,24.0,635.4252873563219,1
479,5237528.0,42094.0,1141.0,8207.0,8207.0,22.0,638.1781406116729,1
480,153378.0,16971.0,516.0,240.0,240.0,24.0,639.075,1
481,72259.0,11621.0,536.0,113.0,113.0,20.0,639.4601769911504,1
482,8313.0,1069.0,462.0,13.0,13.0,24.0,639.4615384615385,1
483,848562.0,62365.0,3011.0,1326.0,1326.0,22.0,639.9411764705883,1
484,1476037.0,8577.0,211.0,2306.0,2306.0,24.0,640.0854293148309,1
485,535052.0,73850.0,4424.0,833.0,833.0,22.0,642.3193277310925,1
486,30203.0,906.0,78.0,47.0,47.0,1.0,642.6170212765958,1
487,24442.0,1026.0,106.0,38.0,38.0,24.0,643.2105263157895,1
488,791230.0,6196.0,156.0,1230.0,1230.0,22.0,643.2764227642276,1
489,499031.0,3667.0,73.0,775.0,775.0,22.0,643.9109677419355,1
490,3784597.0,85339.0,14165.0,5873.0,5873.0,22.0,644.4060956921505,1
491,194284.0,681.0,6.0,301.0,301.0,1.0,645.4617940199336,1
492,366278.0,2479.0,176.0,567.0,567.0,24.0,645.9929453262787,1
493,95812.0,19957.0,0.0,148.0,148.0,20.0,647.3783783783783,1
494,12950.0,80.0,4.0,20.0,20.0,24.0,647.5,1
495,665063.0,40758.0,2926.0,1027.0,1027.0,22.0,647.5783836416748,1
496,1619940.0,19847.0,907.0,2500.0,2500.0,1.0,647.976,1
497,86438181.0,302403.0,0.0,133300.0,133300.0,1.0,648.4484696174044,1
498,798653.0,8078.0,0.0,1230.0,1230.0,23.0,649.3113821138211,1
499,1903291.0,321467.0,18432.0,2930.0,2930.0,22.0,649.5873720136519,1
500,548254.0,17462.0,813.0,843.0,843.0,23.0,650.3606168446026,1
501,68294.0,1080.0,17.0,105.0,105.0,24.0,650.4190476190477,1
502,99056.0,605.0,21.0,152.0,152.0,24.0,651.6842105263158,1
503,367294.0,3103.0,79.0,563.0,563.0,24.0,652.3872113676732,1
504,17615.0,747.0,28.0,27.0,27.0,22.0,652.4074074074074,1
505,16006874.0,304135.0,19654.0,24506.0,24506.0,24.0,653.1818330204848,1
506,534936.0,57103.0,2776.0,818.0,818.0,22.0,653.9559902200489,1
507,905826.0,4974.0,150.0,1385.0,1385.0,24.0,654.0259927797833,1
508,160362.0,5478.0,402.0,244.0,244.0,24.0,657.2213114754098,1
509,861107.0,55016.0,3384.0,1304.0,1304.0,20.0,660.3581288343559,1
510,21197.0,1925.0,214.0,32.0,32.0,22.0,662.40625,1
511,426196.0,10870.0,190.0,641.0,641.0,24.0,664.8923556942277,1
512,175685.0,4310.0,90.0,264.0,264.0,24.0,665.4734848484849,1
513,1162856.0,8683.0,231.0,1745.0,1745.0,24.0,666.3931232091691,1
514,134660.0,1046.0,40.0,202.0,202.0,1.0,666.6336633663366,1
515,9337.0,106.0,10.0,14.0,14.0,22.0,666.9285714285714,1
516,577653.0,17183.0,927.0,865.0,865.0,22.0,667.806936416185,1
517,904019.0,7896.0,248.0,1352.0,1352.0,24.0,668.6531065088758,1
518,38806.0,1320.0,65.0,58.0,58.0,24.0,669.0689655172414,1
519,142534.0,14239.0,1538.0,213.0,213.0,22.0,669.1737089201878,1
520,333975.0,3005.0,75.0,499.0,499.0,1.0,669.2885771543087,1
521,81735.0,1058.0,1034.0,122.0,122.0,24.0,669.9590163934427,1
522,1651816.0,5911.0,41.0,2458.0,2458.0,22.0,672.0162733930024,1
523,69232.0,5221.0,1304.0,103.0,103.0,24.0,672.1553398058253,1
524,296484.0,15621.0,829.0,440.0,440.0,24.0,673.8272727272728,1
525,318530.0,2897.0,57.0,472.0,472.0,1.0,674.8516949152543,1
526,2027.0,323.0,73.0,3.0,3.0,19.0,675.6666666666666,1
527,66922.0,2535.0,845.0,99.0,99.0,24.0,675.979797979798,1
528,18151243.0,69981.0,1035.0,26823.0,26823.0,24.0,676.7044327629274,1
529,361847.0,4868.0,226.0,534.0,534.0,1.0,677.6161048689139,1
530,640596.0,64140.0,6015.0,945.0,945.0,22.0,677.8793650793651,1
531,44789.0,2213.0,759.0,66.0,66.0,19.0,678.6212121212121,1
532,150980.0,9088.0,1074.0,222.0,222.0,20.0,680.0900900900901,1
533,758447.0,27777.0,1326.0,1115.0,1115.0,24.0,680.2215246636771,1
534,587185.0,38075.0,1531.0,862.0,862.0,24.0,681.1890951276102,1
535,7505.0,884.0,306.0,11.0,11.0,24.0,682.2727272727273,1
536,21182.0,894.0,88.0,31.0,31.0,20.0,683.2903225806451,1
537,12993.0,809.0,168.0,19.0,19.0,24.0,683.8421052631579,1
538,626869.0,57505.0,3162.0,916.0,916.0,22.0,684.3548034934498,1
539,1540467.0,6140.0,0.0,2240.0,2240.0,1.0,687.7084821428572,1
540,58504.0,6032.0,740.0,85.0,85.0,22.0,688.2823529411764,1
541,89590.0,12561.0,943.0,130.0,130.0,24.0,689.1538461538462,1
542,66289.0,710.0,47.0,96.0,96.0,22.0,690.5104166666666,1
543,99510.0,2167.0,77.0,144.0,144.0,24.0,691.0416666666666,1
544,90647.0,2592.0,333.0,131.0,131.0,24.0,691.9618320610687,1
545,5552363.0,96919.0,4410.0,8020.0,8020.0,24.0,692.3145885286783,1
546,479145.0,3574.0,171.0,692.0,692.0,24.0,692.4060693641618,1
547,329061.0,2964.0,143.0,475.0,475.0,24.0,692.76,1
548,7368488.0,108815.0,3354.0,10626.0,10626.0,22.0,693.4394880481836,1
549,24987397.0,93211.0,0.0,35965.0,35965.0,24.0,694.7698317808981,1
550,811574.0,27382.0,2820.0,1168.0,1168.0,24.0,694.8407534246576,1
551,812118.0,27395.0,2822.0,1167.0,1167.0,24.0,695.9023136246786,1
552,22980.0,2266.0,250.0,33.0,33.0,20.0,696.3636363636364,1
553,264969.0,6462.0,411.0,380.0,380.0,22.0,697.2868421052632,1
554,24432.0,1357.0,215.0,35.0,35.0,24.0,698.0571428571428,1
555,401600.0,30269.0,3125.0,575.0,575.0,24.0,698.4347826086956,1
556,11531458.0,55958.0,14.0,16505.0,16505.0,1.0,698.6645259012421,1
557,253018.0,36960.0,2194.0,362.0,362.0,22.0,698.9447513812155,1
558,42751.0,2081.0,727.0,61.0,61.0,24.0,700.8360655737705,1
559,621540.0,8197.0,0.0,884.0,884.0,23.0,703.0995475113123,1
560,215588.0,3839.0,576.0,305.0,305.0,19.0,706.8459016393442,1
561,118773.0,895.0,53.0,168.0,168.0,24.0,706.9821428571429,1
562,126796.0,3200.0,985.0,179.0,179.0,24.0,708.3575418994413,1
563,101329.0,1320.0,98.0,143.0,143.0,23.0,708.5944055944055,1
564,2327505.0,35413.0,2499.0,3281.0,3281.0,22.0,709.388905821396,1
565,4962920.0,27615.0,914.0,6981.0,6981.0,1.0,710.9182065606647,1
566,456086.0,3505.0,104.0,641.0,641.0,24.0,711.5226209048362,1
567,1746880.0,17008.0,442.0,2454.0,2454.0,24.0,711.8500407497962,1
568,3042709.0,10883.0,0.0,4270.0,4270.0,24.0,712.5782201405152,1
569,411677.0,9035.0,482.0,577.0,577.0,22.0,713.4783362218371,1
570,84297.0,1894.0,116.0,118.0,118.0,1.0,714.3813559322034,1
571,7871.0,275.0,82.0,11.0,11.0,24.0,715.5454545454545,1
572,2676841.0,14058.0,380.0,3737.0,3737.0,24.0,716.3074658817233,1
573,272404.0,16119.0,1804.0,380.0,380.0,20.0,716.8526315789474,1
574,2495811.0,36836.0,2545.0,3479.0,3479.0,22.0,717.3932164415062,1
575,3595.0,38.0,6.0,5.0,5.0,22.0,719.0,1
576,593862.0,4414.0,166.0,824.0,824.0,24.0,720.7063106796116,1
577,70699.0,6353.0,538.0,98.0,98.0,24.0,721.4183673469388,1
578,15938.0,1263.0,72.0,22.0,22.0,23.0,724.4545454545455,1
579,418076.0,24008.0,1025.0,576.0,576.0,24.0,725.8263888888889,1
580,47998.0,1671.0,113.0,66.0,66.0,24.0,727.2424242424242,1
581,1283965.0,44562.0,1859.0,1764.0,1764.0,24.0,727.8713151927437,1
582,577476.0,39195.0,3299.0,793.0,793.0,24.0,728.2168978562421,1
583,13840.0,1367.0,160.0,19.0,19.0,1.0,728.421052631579,1
584,4373.0,210.0,21.0,6.0,6.0,19.0,728.8333333333334,1
585,4987032.0,32453.0,603.0,6824.0,6824.0,24.0,730.8077373974209,1
586,39774146.0,296193.0,6383.0,54413.0,54413.0,24.0,730.9677099222612,1
587,720421.0,8322.0,334.0,984.0,984.0,24.0,732.135162601626,1
588,90094.0,4734.0,246.0,123.0,123.0,1.0,732.4715447154472,1
589,35578949.0,603716.0,44765.0,48559.0,48559.0,23.0,732.6952573158426,1
590,136430.0,19306.0,566.0,186.0,186.0,23.0,733.494623655914,1
591,48447.0,1547.0,158.0,66.0,66.0,22.0,734.0454545454545,1
592,107363.0,4042.0,0.0,146.0,146.0,24.0,735.3630136986301,1
593,38340.0,2121.0,209.0,52.0,52.0,24.0,737.3076923076923,1
594,104970.0,4842.0,677.0,142.0,142.0,24.0,739.2253521126761,1
595,12571.0,694.0,108.0,17.0,17.0,1.0,739.4705882352941,1
596,46624.0,1424.0,97.0,63.0,63.0,24.0,740.063492063492,1
597,100193.0,953.0,82.0,135.0,135.0,1.0,742.1703703703704,1
598,664429.0,7879.0,1443.0,895.0,895.0,23.0,742.3787709497207,1
599,5204.0,214.0,82.0,7.0,7.0,24.0,743.4285714285714,1
600,61840.0,7094.0,998.0,83.0,83.0,24.0,745.0602409638554,1
601,23160.0,801.0,44.0,31.0,31.0,24.0,747.0967741935484,1
602,122728.0,1993.0,88.0,164.0,164.0,24.0,748.3414634146342,1
603,158659.0,2446.0,351.0,212.0,212.0,24.0,748.3915094339623,1
604,24841.0,2335.0,298.0,33.0,33.0,23.0,752.7575757575758,1
605,45928.0,5683.0,1254.0,61.0,61.0,22.0,752.9180327868852,1
606,161143.0,870.0,44.0,214.0,214.0,24.0,753.0046728971963,1
607,608752.0,3964.0,103.0,808.0,808.0,24.0,753.4059405940594,1
608,1240043.0,27769.0,1997.0,1642.0,1642.0,22.0,755.2028014616321,1
609,42300.0,3920.0,561.0,56.0,56.0,22.0,755.3571428571429,1
610,3040.0,302.0,69.0,4.0,4.0,22.0,760.0,1
611,4563.0,493.0,10.0,6.0,6.0,24.0,760.5,1
612,88313.0,3208.0,642.0,116.0,116.0,24.0,761.3189655172414,1
613,1480950.0,28209.0,1963.0,1935.0,1935.0,24.0,765.3488372093024,1
614,126460.0,11121.0,856.0,165.0,165.0,24.0,766.4242424242424,1
615,9473170.0,26132.0,777.0,12306.0,12306.0,24.0,769.8009101251422,1
616,158646.0,14696.0,1101.0,206.0,206.0,1.0,770.1262135922331,1
617,1256255.0,73695.0,1806.0,1630.0,1630.0,24.0,770.7085889570552,1
618,1980903.0,206855.0,9903.0,2570.0,2570.0,22.0,770.7793774319066,1
619,37011.0,1437.0,185.0,48.0,48.0,22.0,771.0625,1
620,750459.0,4501.0,43.0,973.0,973.0,19.0,771.283658787256,1
621,21617.0,4146.0,213.0,28.0,28.0,23.0,772.0357142857143,1
622,29916665.0,131300.0,2428.0,38739.0,38739.0,24.0,772.2621905573195,1
623,3610322.0,25080.0,648.0,4658.0,4658.0,24.0,775.0798626019752,1
624,39567043.0,167122.0,2414.0,50974.0,50974.0,24.0,776.2200925962255,1
625,18331457.0,117258.0,2782.0,23595.0,23595.0,24.0,776.9212545030726,1
626,66852.0,2032.0,915.0,86.0,86.0,22.0,777.3488372093024,1
627,198508.0,2254.0,285.0,255.0,255.0,24.0,778.4627450980392,1
628,638641.0,4471.0,0.0,819.0,819.0,1.0,779.7814407814408,1
629,2971117.0,21915.0,606.0,3810.0,3810.0,24.0,779.8207349081365,1
630,109894677.0,478712.0,8694.0,140861.0,140861.0,24.0,780.1639701549755,1
631,898444.0,67224.0,5655.0,1148.0,1148.0,22.0,782.616724738676,1
632,210577.0,10920.0,423.0,269.0,269.0,1.0,782.8141263940521,1
633,352311.0,12132.0,1290.0,448.0,448.0,19.0,786.4084821428571,1
634,2482370.0,14739.0,462.0,3155.0,3155.0,24.0,786.8050713153724,1
635,314636.0,66421.0,2649.0,399.0,399.0,24.0,788.561403508772,1
636,107284.0,3368.0,616.0,136.0,136.0,22.0,788.8529411764706,1
637,3752277.0,97587.0,3409.0,4745.0,4745.0,24.0,790.7854583772393,1
638,23046218.0,261534.0,7142.0,29119.0,29119.0,22.0,791.4495003262475,1
639,2882545.0,15909.0,463.0,3641.0,3641.0,24.0,791.6904696511947,1
640,580882.0,3004.0,80.0,733.0,733.0,24.0,792.4720327421555,1
641,93534.0,2137.0,236.0,118.0,118.0,1.0,792.6610169491526,1
642,195909.0,6090.0,303.0,247.0,247.0,24.0,793.1538461538462,1
643,180143.0,16717.0,1169.0,227.0,227.0,24.0,793.5814977973569,1
644,810361.0,6676.0,413.0,1021.0,1021.0,1.0,793.6934378060724,1
645,23316612.0,80809.0,0.0,29315.0,29315.0,24.0,795.3816135084428,1
646,4624171.0,22320.0,421.0,5811.0,5811.0,22.0,795.7616589227327,1
647,77220.0,484.0,1.0,97.0,97.0,20.0,796.0824742268042,1
648,430479.0,1981.0,98.0,540.0,540.0,24.0,797.1833333333333,1
649,11172.0,1896.0,237.0,14.0,14.0,22.0,798.0,1
650,59895.0,5172.0,226.0,75.0,75.0,1.0,798.6,1
651,238627.0,4661.0,98.0,298.0,298.0,23.0,800.761744966443,1
652,37697.0,1590.0,226.0,47.0,47.0,22.0,802.063829787234,1
653,482409.0,8918.0,1919.0,599.0,599.0,24.0,805.3572621035058,1
654,21673615.0,70385.0,0.0,26911.0,26911.0,1.0,805.381256735164,1
655,5007530.0,65051.0,4263.0,6217.0,6217.0,24.0,805.4576162136078,1
656,7788806.0,41122.0,714.0,9663.0,9663.0,24.0,806.0442926627342,1
657,1172875.0,12288.0,702.0,1452.0,1452.0,22.0,807.7651515151515,1
658,41215.0,7613.0,2449.0,51.0,51.0,24.0,808.1372549019608,1
659,259459.0,7972.0,1716.0,320.0,320.0,24.0,810.809375,1
660,218584.0,5527.0,566.0,269.0,269.0,22.0,812.5799256505576,1
661,74767.0,2308.0,321.0,92.0,92.0,22.0,812.6847826086956,1
662,121201.0,3233.0,105.0,149.0,149.0,22.0,813.4295302013422,1
663,198978.0,741.0,45.0,244.0,244.0,24.0,815.483606557377,1
664,13062459.0,36950.0,0.0,15995.0,15995.0,23.0,816.6588934041888,1
665,107903.0,4736.0,341.0,132.0,132.0,22.0,817.4469696969697,1
666,2354756.0,334831.0,104337.0,2872.0,2872.0,24.0,819.9011142061281,1
667,3743124.0,104266.0,3904.0,4563.0,4563.0,22.0,820.3208415516108,1
668,3651446.0,19141.0,679.0,4450.0,4450.0,23.0,820.5496629213483,1
669,162653.0,11737.0,2010.0,198.0,198.0,22.0,821.479797979798,1
670,1485338.0,213203.0,10762.0,1808.0,1808.0,24.0,821.5365044247787,1
671,202111.0,3089.0,153.0,246.0,246.0,24.0,821.589430894309,1
672,239297.0,8409.0,554.0,291.0,291.0,22.0,822.3264604810996,1
673,1756455.0,11692.0,540.0,2135.0,2135.0,23.0,822.695550351288,1
674,184326.0,1404.0,86.0,224.0,224.0,24.0,822.8839285714286,1
675,130259036.0,370227.0,0.0,158266.0,158266.0,24.0,823.0386564391594,1
676,43690.0,935.0,85.0,53.0,53.0,24.0,824.3396226415094,1
677,150113.0,4004.0,0.0,182.0,182.0,24.0,824.7967032967033,1
678,398773.0,7386.0,429.0,482.0,482.0,24.0,827.3298755186722,1
679,55443.0,1692.0,351.0,67.0,67.0,22.0,827.5074626865671,1
680,552670.0,19499.0,1249.0,667.0,667.0,24.0,828.5907046476761,1
681,68102.0,962.0,63.0,82.0,82.0,24.0,830.5121951219512,1
682,32411.0,206.0,3.0,39.0,39.0,22.0,831.0512820512821,1
683,57362.0,2614.0,328.0,69.0,69.0,22.0,831.3333333333334,1
684,24654945.0,195462.0,10186.0,29654.0,29654.0,22.0,831.4205503473393,1
685,262108.0,4229.0,98.0,315.0,315.0,24.0,832.0888888888888,1
686,29126.0,1154.0,0.0,35.0,35.0,24.0,832.1714285714286,1
687,5843.0,287.0,21.0,7.0,7.0,22.0,834.7142857142857,1
688,6680.0,828.0,0.0,8.0,8.0,1.0,835.0,1
689,22880545.0,287826.0,32884.0,27342.0,27342.0,19.0,836.8277741204008,1
690,24285.0,2370.0,440.0,29.0,29.0,20.0,837.4137931034483,1
691,92252.0,7996.0,0.0,110.0,110.0,22.0,838.6545454545454,1
692,19296.0,2124.0,87.0,23.0,23.0,22.0,838.9565217391304,1
693,120144.0,2345.0,57.0,143.0,143.0,24.0,840.1678321678322,1
694,20188.0,3009.0,225.0,24.0,24.0,24.0,841.1666666666666,1
695,13464469.0,257554.0,23335.0,15979.0,15979.0,22.0,842.6352712935728,1
696,5556543.0,36973.0,0.0,6582.0,6582.0,22.0,844.2028258887876,1
697,948049.0,33883.0,1860.0,1123.0,1123.0,24.0,844.2110418521817,1
698,574856.0,44862.0,6339.0,679.0,679.0,19.0,846.6215022091311,1
699,2547.0,140.0,45.0,3.0,3.0,22.0,849.0,1
700,1924840.0,8462.0,418.0,2261.0,2261.0,24.0,851.3224237063247,1
701,24768.0,458.0,58.0,29.0,29.0,24.0,854.0689655172414,1
702,17085.0,183.0,6.0,20.0,20.0,22.0,854.25,1
703,10298355.0,35423.0,1976.0,12044.0,12044.0,22.0,855.0610262371305,1
704,271460.0,5680.0,492.0,317.0,317.0,24.0,856.3406940063091,1
705,121616.0,2278.0,1016.0,142.0,142.0,24.0,856.4507042253521,1
706,15952187.0,650119.0,37225.0,18508.0,18508.0,24.0,861.9076615517614,1
707,17266.0,806.0,103.0,20.0,20.0,24.0,863.3,1
708,5190519.0,180413.0,4699.0,6011.0,6011.0,24.0,863.5034104142405,1
709,19086.0,249.0,14.0,22.0,22.0,22.0,867.5454545454545,1
710,1923827.0,44691.0,1765.0,2213.0,2213.0,22.0,869.3298689561681,1
711,1034378.0,12779.0,957.0,1188.0,1188.0,22.0,870.6885521885522,1
712,151705.0,12325.0,750.0,174.0,174.0,24.0,871.8678160919541,1
713,1332301.0,10159.0,334.0,1524.0,1524.0,1.0,874.2132545931759,1
714,113291195.0,333883.0,0.0,129491.0,129491.0,24.0,874.8962862283865,1
715,197087.0,5764.0,239.0,225.0,225.0,19.0,875.9422222222222,1
716,1862352.0,166070.0,11841.0,2126.0,2126.0,24.0,875.9887111947319,1
717,105286.0,2500.0,326.0,120.0,120.0,24.0,877.3833333333333,1
718,802014.0,26051.0,3328.0,912.0,912.0,24.0,879.4013157894736,1
719,293685.0,4482.0,160.0,333.0,333.0,24.0,881.936936936937,1
720,67146.0,1817.0,156.0,76.0,76.0,22.0,883.5,1
721,248421.0,4196.0,619.0,281.0,281.0,24.0,884.0604982206406,1
722,103508.0,2017.0,65.0,117.0,117.0,24.0,884.6837606837607,1
723,6195.0,523.0,94.0,7.0,7.0,24.0,885.0,1
724,19664514.0,50207.0,146.0,22092.0,22092.0,1.0,890.1192286800651,1
725,13364.0,154.0,11.0,15.0,15.0,22.0,890.9333333333333,1
726,58873.0,1973.0,239.0,66.0,66.0,24.0,892.0151515151515,1
727,24169.0,981.0,103.0,27.0,27.0,20.0,895.1481481481482,1
728,196142.0,11119.0,1259.0,219.0,219.0,24.0,895.6255707762557,1
729,1212394.0,78167.0,4561.0,1353.0,1353.0,22.0,896.0783444198079,1
730,511085.0,2252.0,24.0,570.0,570.0,24.0,896.640350877193,1
731,21633031.0,79250.0,882.0,24125.0,24125.0,24.0,896.7059481865285,1
732,173075.0,10312.0,2369.0,193.0,193.0,24.0,896.7616580310881,1
733,26818121.0,125316.0,1712.0,29895.0,29895.0,24.0,897.0771366449239,1
734,140003.0,7741.0,978.0,156.0,156.0,24.0,897.4551282051282,1
735,7182.0,1019.0,224.0,8.0,8.0,24.0,897.75,1
736,6076918.0,162243.0,57214.0,6768.0,6768.0,24.0,897.8897754137116,1
737,327064.0,12663.0,1386.0,364.0,364.0,24.0,898.5274725274726,1
738,201379.0,2829.0,842.0,224.0,224.0,1.0,899.0133928571429,1
739,79228.0,2768.0,257.0,88.0,88.0,24.0,900.3181818181819,1
740,6844335.0,52057.0,2051.0,7585.0,7585.0,24.0,902.3513513513514,1
741,2099262.0,82940.0,1844.0,2325.0,2325.0,24.0,902.9083870967742,1
742,727848.0,35014.0,2311.0,806.0,806.0,22.0,903.0372208436725,1
743,290811.0,4132.0,124.0,322.0,322.0,24.0,903.139751552795,1
744,28006.0,324.0,38.0,31.0,31.0,22.0,903.4193548387096,1
745,514067.0,9245.0,709.0,568.0,568.0,22.0,905.0475352112676,1
746,4584036.0,36277.0,940.0,5047.0,5047.0,24.0,908.269467010105,1
747,80122186.0,901575.0,27877.0,88213.0,88213.0,1.0,908.2809336492354,1
748,48257.0,469.0,27.0,53.0,53.0,22.0,910.5094339622641,1
749,186729.0,1299.0,96.0,205.0,205.0,1.0,910.8731707317073,1
750,300039.0,10942.0,1277.0,329.0,329.0,24.0,911.9726443768997,1
751,723194.0,3782.0,0.0,792.0,792.0,1.0,913.1237373737374,1
752,617768.0,36654.0,681.0,676.0,676.0,22.0,913.8579881656805,1
753,8540827.0,72583.0,3050.0,9345.0,9345.0,22.0,913.9461744248262,1
754,2659599.0,16722.0,663.0,2910.0,2910.0,1.0,913.9515463917526,1
755,8881415.0,87012.0,1391.0,9698.0,9698.0,24.0,915.7986182718087,1
756,945276.0,8733.0,505.0,1032.0,1032.0,22.0,915.9651162790698,1
757,501645.0,11337.0,483.0,547.0,547.0,22.0,917.0840950639854,1
758,189893.0,9106.0,2713.0,207.0,207.0,1.0,917.3574879227053,1
759,153272.0,7833.0,848.0,167.0,167.0,22.0,917.7964071856287,1
760,147056.0,6635.0,692.0,160.0,160.0,24.0,919.1,1
761,5691282.0,25668.0,531.0,6189.0,6189.0,22.0,919.5802229762481,1
762,698289.0,54754.0,2768.0,758.0,758.0,22.0,921.2255936675461,1
763,62892.0,5910.0,1449.0,68.0,68.0,24.0,924.8823529411765,1
764,765886.0,68364.0,4218.0,827.0,827.0,22.0,926.1015719467956,1
765,4873420.0,30442.0,0.0,5248.0,5248.0,22.0,928.624237804878,1
766,149868.0,635.0,37.0,161.0,161.0,24.0,930.8571428571429,1
767,4345665.0,47138.0,2637.0,4656.0,4656.0,22.0,933.347293814433,1
768,79374.0,4038.0,288.0,85.0,85.0,24.0,933.8117647058823,1
769,8631463.0,367084.0,11996.0,9238.0,9238.0,1.0,934.3432561160424,1
770,3663909.0,29849.0,873.0,3918.0,3918.0,22.0,935.1477794793262,1
771,3842070.0,50923.0,5693.0,4104.0,4104.0,24.0,936.1769005847954,1
772,105673370.0,1301895.0,56039.0,112849.0,112849.0,1.0,936.413880495175,1
773,156565.0,2622.0,154.0,167.0,167.0,1.0,937.5149700598803,1
774,5100705.0,102808.0,4295.0,5422.0,5422.0,24.0,940.7423459977867,1
775,342395.0,21619.0,1218.0,363.0,363.0,22.0,943.236914600551,1
776,3775.0,61.0,9.0,4.0,4.0,24.0,943.75,1
777,597208.0,3408.0,88.0,631.0,631.0,24.0,946.446909667195,1
778,13409583.0,25863.0,485.0,14167.0,14167.0,19.0,946.5365285522694,1
779,1600698.0,16021.0,992.0,1691.0,1691.0,1.0,946.5984624482554,1
780,4836505.0,172533.0,12250.0,5107.0,5107.0,22.0,947.0344625024476,1
781,1018903.0,6931.0,146.0,1075.0,1075.0,24.0,947.8167441860465,1
782,271398.0,11296.0,1365.0,286.0,286.0,22.0,948.9440559440559,1
783,20922.0,103.0,3.0,22.0,22.0,24.0,951.0,1
784,44704.0,3191.0,285.0,47.0,47.0,22.0,951.1489361702128,1
785,707623.0,4775.0,0.0,742.0,742.0,20.0,953.6698113207547,1
786,343457.0,9822.0,525.0,360.0,360.0,22.0,954.0472222222222,1
787,17046998.0,252178.0,8883.0,17838.0,17838.0,24.0,955.6563516089248,1
788,37322.0,3879.0,467.0,39.0,39.0,24.0,956.974358974359,1
789,3547889.0,24800.0,811.0,3707.0,3707.0,1.0,957.0782303749663,1
790,298892.0,772.0,18.0,312.0,312.0,24.0,957.9871794871794,1
791,23030.0,1944.0,160.0,24.0,24.0,22.0,959.5833333333334,1
792,160706.0,18580.0,1232.0,167.0,167.0,24.0,962.311377245509,1
793,22978518.0,51019.0,0.0,23768.0,23768.0,1.0,966.783826994278,1
794,211036.0,18010.0,2700.0,218.0,218.0,24.0,968.0550458715596,1
795,131834.0,1897.0,59.0,136.0,136.0,23.0,969.3676470588235,1
796,63958946.0,907952.0,22214.0,65948.0,65948.0,1.0,969.8390550130406,1
797,97235.0,5363.0,382.0,100.0,100.0,22.0,972.35,1
798,479508.0,17874.0,1082.0,493.0,493.0,24.0,972.632860040568,1
799,9170088.0,251618.0,17061.0,9421.0,9421.0,1.0,973.3667338923681,1
800,110022.0,3156.0,490.0,113.0,113.0,24.0,973.6460176991151,1
801,367045.0,24795.0,673.0,376.0,376.0,24.0,976.1835106382979,1
802,46395037.0,339811.0,10511.0,47461.0,47461.0,24.0,977.540233033438,1
803,22526.0,1574.0,376.0,23.0,23.0,24.0,979.3913043478261,1
804,23423210.0,736657.0,35993.0,23862.0,23862.0,22.0,981.6113485877127,1
805,61071.0,1381.0,21.0,62.0,62.0,1.0,985.016129032258,1
806,9795382.0,354517.0,44669.0,9938.0,9938.0,1.0,985.6492251962165,1
807,54247.0,5061.0,1303.0,55.0,55.0,24.0,986.3090909090909,1
808,262759.0,7069.0,427.0,266.0,266.0,19.0,987.8157894736842,1
809,2246360.0,153973.0,6595.0,2271.0,2271.0,24.0,989.150154117129,1
810,2968.0,90.0,0.0,3.0,3.0,22.0,989.3333333333334,1
811,195665.0,7120.0,1007.0,197.0,197.0,19.0,993.2233502538071,1
812,59692.0,490.0,29.0,60.0,60.0,24.0,994.8666666666667,1
813,475910.0,4189.0,239.0,478.0,478.0,24.0,995.6276150627615,1
814,69702.0,4817.0,243.0,70.0,70.0,22.0,995.7428571428571,1
815,21966.0,1568.0,264.0,22.0,22.0,20.0,998.4545454545455,1
816,2953557.0,37357.0,793.0,2957.0,2957.0,24.0,998.835644234021,1
817,20034.0,2847.0,335.0,20.0,20.0,24.0,1001.7,2
818,726368.0,56832.0,2572.0,725.0,725.0,22.0,1001.8868965517241,2
819,343286.0,1308.0,38.0,342.0,342.0,24.0,1003.7602339181286,2
820,12065196.0,83770.0,1809.0,12018.0,12018.0,1.0,1003.927109335996,2
821,113671.0,3466.0,432.0,113.0,113.0,22.0,1005.9380530973451,2
822,519160.0,9376.0,771.0,515.0,515.0,22.0,1008.0776699029126,2
823,360899.0,3722.0,131.0,358.0,358.0,23.0,1008.0977653631285,2
824,186875.0,2937.0,74.0,185.0,185.0,24.0,1010.1351351351351,2
825,78845.0,1062.0,232.0,78.0,78.0,22.0,1010.8333333333334,2
826,728511.0,46014.0,2246.0,720.0,720.0,22.0,1011.8208333333333,2
827,86206.0,3643.0,408.0,85.0,85.0,24.0,1014.1882352941177,2
828,13761568.0,38533.0,306.0,13540.0,13540.0,24.0,1016.3639586410635,2
829,80413.0,1893.0,201.0,79.0,79.0,24.0,1017.8860759493671,2
830,5101.0,1003.0,203.0,5.0,5.0,20.0,1020.2,2
831,40809.0,1538.0,99.0,40.0,40.0,24.0,1020.225,2
832,56180.0,8906.0,184.0,55.0,55.0,24.0,1021.4545454545455,2
833,14309.0,523.0,106.0,14.0,14.0,22.0,1022.0714285714286,2
834,39877.0,371.0,93.0,39.0,39.0,23.0,1022.4871794871794,2
835,34775.0,2413.0,200.0,34.0,34.0,24.0,1022.7941176470588,2
836,242852.0,2656.0,99.0,237.0,237.0,24.0,1024.691983122363,2
837,1380592.0,53790.0,687.0,1345.0,1345.0,23.0,1026.4624535315986,2
838,31828.0,352.0,26.0,31.0,31.0,1.0,1026.7096774193549,2
839,7200.0,714.0,110.0,7.0,7.0,24.0,1028.5714285714287,2
840,1222427.0,3789.0,99.0,1188.0,1188.0,24.0,1028.9789562289561,2
841,87635.0,869.0,0.0,85.0,85.0,24.0,1031.0,2
842,346457.0,1869.0,0.0,336.0,336.0,24.0,1031.1220238095239,2
843,152512333.0,1770961.0,55057.0,147427.0,147427.0,1.0,1034.4939054582946,2
844,2509793.0,106748.0,4338.0,2420.0,2420.0,24.0,1037.1045454545454,2
845,44646.0,880.0,50.0,43.0,43.0,22.0,1038.2790697674418,2
846,127753.0,2862.0,295.0,123.0,123.0,1.0,1038.6422764227643,2
847,129054.0,3613.0,550.0,124.0,124.0,20.0,1040.758064516129,2
848,334787.0,9969.0,1499.0,321.0,321.0,24.0,1042.9501557632398,2
849,181837.0,11367.0,1964.0,174.0,174.0,24.0,1045.0402298850574,2
850,173638.0,1290.0,95.0,166.0,166.0,22.0,1046.012048192771,2
851,21986.0,1019.0,65.0,21.0,21.0,24.0,1046.952380952381,2
852,32476.0,1659.0,96.0,31.0,31.0,22.0,1047.6129032258063,2
853,19926873.0,273893.0,7306.0,19010.0,19010.0,1.0,1048.2310889005787,2
854,17822.0,849.0,131.0,17.0,17.0,22.0,1048.3529411764705,2
855,199215.0,21962.0,689.0,190.0,190.0,1.0,1048.5,2
856,24126.0,1117.0,209.0,23.0,23.0,24.0,1048.9565217391305,2
857,936757.0,10802.0,213.0,890.0,890.0,23.0,1052.5359550561798,2
858,713951.0,3607.0,100.0,677.0,677.0,22.0,1054.5805022156574,2
859,12617178.0,45697.0,889.0,11930.0,11930.0,24.0,1057.6008382229672,2
860,60343.0,3828.0,1071.0,57.0,57.0,20.0,1058.6491228070176,2
861,492446.0,16089.0,2128.0,465.0,465.0,24.0,1059.0236559139785,2
862,926687.0,45661.0,3578.0,875.0,875.0,20.0,1059.0708571428572,2
863,1827811.0,21187.0,1480.0,1725.0,1725.0,24.0,1059.600579710145,2
864,6361.0,1272.0,66.0,6.0,6.0,24.0,1060.1666666666667,2
865,643136.0,24765.0,1198.0,606.0,606.0,22.0,1061.2805280528053,2
866,49895.0,6155.0,272.0,47.0,47.0,22.0,1061.595744680851,2
867,15005628.0,26459.0,0.0,14134.0,14134.0,24.0,1061.6688835432292,2
868,73317.0,2428.0,244.0,69.0,69.0,22.0,1062.5652173913043,2
869,1636996.0,14076.0,400.0,1538.0,1538.0,1.0,1064.366710013004,2
870,926725.0,6775.0,154.0,870.0,870.0,23.0,1065.2011494252874,2
871,20701620.0,408612.0,16995.0,19419.0,19419.0,1.0,1066.04974509501,2
872,1020853.0,21184.0,2674.0,957.0,957.0,22.0,1066.7220480668757,2
873,30035851.0,413328.0,13137.0,28096.0,28096.0,24.0,1069.0436716970387,2
874,23560.0,2729.0,526.0,22.0,22.0,22.0,1070.909090909091,2
875,133914.0,5257.0,780.0,125.0,125.0,20.0,1071.312,2
876,8849904.0,222907.0,9587.0,8258.0,8258.0,24.0,1071.6764349721482,2
877,114718.0,7355.0,1101.0,107.0,107.0,24.0,1072.1308411214952,2
878,277133.0,13887.0,1575.0,258.0,258.0,24.0,1074.1589147286822,2
879,239802.0,22378.0,3697.0,223.0,223.0,24.0,1075.3452914798206,2
880,246354.0,7430.0,579.0,229.0,229.0,22.0,1075.7816593886462,2
881,542787.0,26086.0,2678.0,504.0,504.0,24.0,1076.9583333333333,2
882,101452.0,2051.0,65.0,94.0,94.0,24.0,1079.276595744681,2
883,8394719.0,143611.0,7778.0,7764.0,7764.0,24.0,1081.236347243689,2
884,29456908.0,395145.0,47133.0,27230.0,27230.0,19.0,1081.7814175541682,2
885,5264246.0,38011.0,1016.0,4852.0,4852.0,22.0,1084.9641384995878,2
886,141249.0,14974.0,2255.0,130.0,130.0,1.0,1086.5307692307692,2
887,16301.0,1371.0,108.0,15.0,15.0,24.0,1086.7333333333333,2
888,13065.0,426.0,31.0,12.0,12.0,22.0,1088.75,2
889,1312378.0,4550.0,127.0,1205.0,1205.0,24.0,1089.1103734439835,2
890,985737.0,8580.0,666.0,905.0,905.0,24.0,1089.2121546961325,2
891,3307035.0,44530.0,3355.0,3034.0,3034.0,24.0,1089.9917600527356,2
892,170313.0,10092.0,1453.0,156.0,156.0,24.0,1091.75,2
893,82670744.0,253546.0,10264.0,75508.0,75508.0,24.0,1094.8607299888754,2
894,312201.0,6332.0,328.0,285.0,285.0,24.0,1095.4421052631578,2
895,234607.0,1143.0,0.0,214.0,214.0,24.0,1096.2943925233644,2
896,72485.0,1432.0,39.0,66.0,66.0,1.0,1098.2575757575758,2
897,78624541.0,374295.0,5561.0,71570.0,71570.0,24.0,1098.5684085510688,2
898,1613956.0,13487.0,226.0,1467.0,1467.0,23.0,1100.1745057941378,2
899,11010.0,504.0,66.0,10.0,10.0,20.0,1101.0,2
900,67183.0,6294.0,683.0,61.0,61.0,24.0,1101.360655737705,2
901,58457.0,693.0,81.0,53.0,53.0,22.0,1102.9622641509434,2
902,8739990.0,83470.0,6593.0,7924.0,7924.0,22.0,1102.97703180212,2
903,926859.0,20148.0,363.0,840.0,840.0,22.0,1103.4035714285715,2
904,12250532.0,61228.0,727.0,11056.0,11056.0,24.0,1108.0437771345876,2
905,274829.0,19070.0,1387.0,248.0,248.0,24.0,1108.1814516129032,2
906,2306184.0,49760.0,3472.0,2079.0,2079.0,23.0,1109.2756132756133,2
907,2421852.0,12064.0,748.0,2182.0,2182.0,24.0,1109.923006416132,2
908,3300739.0,130924.0,5159.0,2968.0,2968.0,24.0,1112.1088274932615,2
909,120288.0,5343.0,558.0,108.0,108.0,24.0,1113.7777777777778,2
910,458068.0,5732.0,102.0,411.0,411.0,23.0,1114.5206812652068,2
911,956486.0,9699.0,431.0,858.0,858.0,22.0,1114.7855477855478,2
912,357905.0,2651.0,235.0,321.0,321.0,22.0,1114.968847352025,2
913,1048506.0,56467.0,792.0,939.0,939.0,24.0,1116.6198083067093,2
914,414393.0,4741.0,246.0,371.0,371.0,24.0,1116.9622641509434,2
915,10058.0,194.0,0.0,9.0,9.0,22.0,1117.5555555555557,2
916,565080.0,21103.0,2511.0,503.0,503.0,24.0,1123.4194831013917,2
917,16768007.0,256856.0,9565.0,14916.0,14916.0,24.0,1124.1624430142128,2
918,343136.0,3274.0,152.0,305.0,305.0,24.0,1125.0360655737704,2
919,2050988.0,15781.0,1020.0,1823.0,1823.0,22.0,1125.0619857377949,2
920,40003076.0,77203.0,0.0,35444.0,35444.0,24.0,1128.6275815370725,2
921,1195063.0,19874.0,1555.0,1058.0,1058.0,24.0,1129.5491493383743,2
922,44151.0,3899.0,270.0,39.0,39.0,22.0,1132.076923076923,2
923,388334.0,17301.0,745.0,343.0,343.0,22.0,1132.1690962099126,2
924,236945.0,1622.0,1.0,209.0,209.0,24.0,1133.7081339712918,2
925,61313192.0,265395.0,4295.0,54071.0,54071.0,24.0,1133.9385622607313,2
926,212092.0,544.0,15.0,187.0,187.0,1.0,1134.1818181818182,2
927,103472.0,3046.0,550.0,91.0,91.0,24.0,1137.0549450549452,2
928,30856577.0,430712.0,18886.0,27111.0,27111.0,23.0,1138.1570949061268,2
929,1072537.0,11047.0,583.0,942.0,942.0,22.0,1138.5743099787685,2
930,8733722.0,68190.0,1269.0,7665.0,7665.0,22.0,1139.4288323548597,2
931,154965.0,21769.0,1218.0,136.0,136.0,23.0,1139.4485294117646,2
932,30806.0,2213.0,201.0,27.0,27.0,22.0,1140.962962962963,2
933,2268071.0,198800.0,10812.0,1986.0,1986.0,23.0,1142.02970795569,2
934,59391.0,4348.0,1864.0,52.0,52.0,24.0,1142.1346153846155,2
935,2203540.0,21662.0,453.0,1928.0,1928.0,22.0,1142.914937759336,2
936,88365.0,4913.0,198.0,77.0,77.0,1.0,1147.5974025974026,2
937,166814131.0,1635301.0,55825.0,145019.0,145019.0,24.0,1150.2915548997028,2
938,23016.0,719.0,17.0,20.0,20.0,22.0,1150.8,2
939,2075828.0,42742.0,2672.0,1802.0,1802.0,24.0,1151.9578246392896,2
940,1082508.0,31565.0,2023.0,939.0,939.0,1.0,1152.8306709265175,2
941,60604613.0,139643.0,1528.0,52564.0,52564.0,22.0,1152.9680579864546,2
942,38052.0,3243.0,494.0,33.0,33.0,22.0,1153.090909090909,2
943,1185513.0,11808.0,865.0,1028.0,1028.0,24.0,1153.2227626459144,2
944,8774105.0,159735.0,11344.0,7589.0,7589.0,24.0,1156.1608907629463,2
945,97247.0,2702.0,172.0,84.0,84.0,22.0,1157.702380952381,2
946,13897.0,542.0,37.0,12.0,12.0,20.0,1158.0833333333333,2
947,5870486.0,45056.0,1500.0,5058.0,5058.0,22.0,1160.6338473705023,2
948,711287.0,57249.0,5650.0,612.0,612.0,24.0,1162.233660130719,2
949,382750.0,1227.0,86.0,329.0,329.0,24.0,1163.373860182371,2
950,40767.0,1561.0,204.0,35.0,35.0,20.0,1164.7714285714285,2
951,18640.0,2315.0,204.0,16.0,16.0,24.0,1165.0,2
952,45460.0,857.0,109.0,39.0,39.0,24.0,1165.6410256410256,2
953,74683.0,2810.0,1185.0,64.0,64.0,24.0,1166.921875,2
954,361945.0,3242.0,71.0,310.0,310.0,23.0,1167.5645161290322,2
955,144785.0,8717.0,1034.0,124.0,124.0,20.0,1167.6209677419354,2
956,348056.0,14358.0,1485.0,298.0,298.0,24.0,1167.9731543624162,2
957,12737583.0,105587.0,2831.0,10904.0,10904.0,24.0,1168.156914893617,2
958,188182.0,3118.0,311.0,161.0,161.0,24.0,1168.832298136646,2
959,24551.0,918.0,90.0,21.0,21.0,20.0,1169.095238095238,2
960,2340.0,328.0,0.0,2.0,2.0,24.0,1170.0,2
961,131040.0,9645.0,296.0,112.0,112.0,22.0,1170.0,2
962,416638.0,1747.0,40.0,355.0,355.0,24.0,1173.6281690140845,2
963,10178347.0,49177.0,1128.0,8661.0,8661.0,22.0,1175.1930493014663,2
964,37577964.0,429780.0,16763.0,31875.0,31875.0,24.0,1178.9165176470588,2
965,5899.0,380.0,80.0,5.0,5.0,24.0,1179.8,2
966,181792.0,3024.0,244.0,154.0,154.0,24.0,1180.4675324675325,2
967,964951.0,30127.0,3394.0,817.0,817.0,24.0,1181.090575275398,2
968,189069.0,7135.0,2162.0,160.0,160.0,24.0,1181.68125,2
969,151385.0,1207.0,0.0,128.0,128.0,1.0,1182.6953125,2
970,63902.0,5539.0,0.0,54.0,54.0,1.0,1183.3703703703704,2
971,65155175.0,521712.0,13655.0,55029.0,55029.0,22.0,1184.0152465063875,2
972,279441.0,11450.0,121.0,236.0,236.0,22.0,1184.072033898305,2
973,422945.0,4436.0,450.0,357.0,357.0,22.0,1184.719887955182,2
974,132914.0,552.0,9.0,112.0,112.0,24.0,1186.732142857143,2
975,52230.0,3613.0,433.0,44.0,44.0,24.0,1187.0454545454545,2
976,2231116.0,18136.0,510.0,1879.0,1879.0,1.0,1187.3954230973923,2
977,951329.0,15847.0,1843.0,797.0,797.0,1.0,1193.6373902132998,2
978,673745.0,12397.0,180.0,560.0,560.0,1.0,1203.1160714285713,2
979,31323504.0,49780.0,745.0,26024.0,26024.0,1.0,1203.6391023670458,2
980,419027.0,1124.0,218.0,348.0,348.0,19.0,1204.1005747126437,2
981,7231993.0,170986.0,19322.0,6003.0,6003.0,24.0,1204.7298017657838,2
982,18772447.0,139989.0,0.0,15580.0,15580.0,24.0,1204.9067394094993,2
983,37369595.0,86773.0,7511.0,30993.0,30993.0,1.0,1205.7430710160359,2
984,205697.0,6126.0,362.0,170.0,170.0,24.0,1209.9823529411765,2
985,3372532.0,21234.0,478.0,2787.0,2787.0,22.0,1210.0940078937927,2
986,37902338.0,98698.0,4030.0,31308.0,31308.0,1.0,1210.6278906349814,2
987,163523.0,8318.0,117.0,135.0,135.0,24.0,1211.2814814814815,2
988,4558430.0,34010.0,1890.0,3761.0,3761.0,22.0,1212.0260568997608,2
989,65817.0,1769.0,96.0,54.0,54.0,22.0,1218.8333333333333,2
990,21061316.0,99144.0,1809.0,17270.0,17270.0,22.0,1219.5319050376374,2
991,181746.0,9611.0,609.0,149.0,149.0,24.0,1219.7718120805368,2
992,11717324.0,59755.0,1163.0,9592.0,9592.0,1.0,1221.5725604670558,2
993,103853.0,6235.0,707.0,85.0,85.0,24.0,1221.8,2
994,52581.0,6079.0,366.0,43.0,43.0,22.0,1222.8139534883721,2
995,94229.0,671.0,32.0,77.0,77.0,22.0,1223.7532467532467,2
996,920234.0,7200.0,162.0,750.0,750.0,24.0,1226.9786666666666,2
997,216787075.0,611005.0,33145.0,176360.0,176360.0,1.0,1229.2304093898842,2
998,2510163.0,7553.0,0.0,2041.0,2041.0,24.0,1229.8691817736403,2
999,57224760.0,287205.0,9684.0,46512.0,46512.0,22.0,1230.3224974200207,2
1000,917082.0,16944.0,546.0,745.0,745.0,24.0,1230.9825503355705,2
1001,1477370.0,22090.0,845.0,1199.0,1199.0,24.0,1232.1684737281068,2
1002,8542259.0,72774.0,5578.0,6932.0,6932.0,22.0,1232.2935660703981,2
1003,12129060.0,110948.0,5667.0,9842.0,9842.0,22.0,1232.3775655354602,2
1004,198475.0,3762.0,708.0,161.0,161.0,24.0,1232.7639751552795,2
1005,830332.0,6212.0,31.0,673.0,673.0,24.0,1233.777117384844,2
1006,510067.0,7261.0,859.0,413.0,413.0,19.0,1235.0290556900727,2
1007,3171950.0,22817.0,1837.0,2566.0,2566.0,1.0,1236.1457521434138,2
1008,17509188.0,377090.0,20046.0,14162.0,14162.0,24.0,1236.349950571953,2
1009,228750.0,11705.0,1593.0,185.0,185.0,24.0,1236.4864864864865,2
1010,79164.0,3227.0,306.0,64.0,64.0,22.0,1236.9375,2
1011,479307.0,14644.0,1282.0,387.0,387.0,24.0,1238.5193798449613,2
1012,579656.0,6642.0,165.0,468.0,468.0,23.0,1238.5811965811965,2
1013,25843631.0,514062.0,18798.0,20859.0,20859.0,1.0,1238.9678795723669,2
1014,69497.0,2276.0,114.0,56.0,56.0,22.0,1241.017857142857,2
1015,1858216.0,18520.0,395.0,1497.0,1497.0,24.0,1241.2932531730128,2
1016,34644642.0,142436.0,2445.0,27867.0,27867.0,22.0,1243.2139089245345,2
1017,768693.0,6541.0,192.0,618.0,618.0,23.0,1243.8398058252428,2
1018,103529781.0,238007.0,13696.0,83102.0,83102.0,1.0,1245.8157565401555,2
1019,7356716.0,46439.0,2027.0,5900.0,5900.0,22.0,1246.9010169491526,2
1020,503229.0,21620.0,2188.0,403.0,403.0,24.0,1248.7071960297767,2
1021,6247192.0,23244.0,2566.0,5001.0,5001.0,24.0,1249.1885622875425,2
1022,542395.0,13251.0,971.0,434.0,434.0,24.0,1249.758064516129,2
1023,466984.0,9136.0,606.0,373.0,373.0,24.0,1251.9678284182305,2
1024,205463.0,2855.0,242.0,164.0,164.0,22.0,1252.8231707317073,2
1025,25566592.0,192859.0,8114.0,20358.0,20358.0,1.0,1255.849887022301,2
1026,477400.0,5978.0,63.0,380.0,380.0,23.0,1256.3157894736842,2
1027,225175.0,3192.0,46.0,179.0,179.0,23.0,1257.9608938547485,2
1028,6294.0,105.0,15.0,5.0,5.0,24.0,1258.8,2
1029,6312.0,787.0,74.0,5.0,5.0,19.0,1262.4,2
1030,13977050.0,188001.0,7544.0,11054.0,11054.0,22.0,1264.4336891622943,2
1031,49391.0,320.0,28.0,39.0,39.0,22.0,1266.4358974358975,2
1032,44450.0,3353.0,288.0,35.0,35.0,24.0,1270.0,2
1033,222457.0,5590.0,154.0,175.0,175.0,24.0,1271.182857142857,2
1034,226592.0,11880.0,0.0,178.0,178.0,22.0,1272.9887640449438,2
1035,1997183.0,157783.0,8047.0,1568.0,1568.0,22.0,1273.7136479591836,2
1036,5112.0,382.0,94.0,4.0,4.0,24.0,1278.0,2
1037,360585.0,7155.0,482.0,282.0,282.0,22.0,1278.6702127659576,2
1038,130442.0,6440.0,369.0,102.0,102.0,20.0,1278.8431372549019,2
1039,58888.0,2950.0,70.0,46.0,46.0,22.0,1280.1739130434783,2
1040,114232.0,3504.0,309.0,89.0,89.0,24.0,1283.5056179775281,2
1041,402126.0,46288.0,1367.0,313.0,313.0,24.0,1284.747603833866,2
1042,3857.0,122.0,9.0,3.0,3.0,22.0,1285.6666666666667,2
1043,132426.0,1858.0,82.0,103.0,103.0,24.0,1285.6893203883494,2
1044,124792.0,1466.0,117.0,97.0,97.0,1.0,1286.5154639175257,2
1045,14464180.0,485728.0,16516.0,11235.0,11235.0,22.0,1287.42145082332,2
1046,116075.0,2305.0,56.0,90.0,90.0,1.0,1289.7222222222222,2
1047,18085.0,1311.0,153.0,14.0,14.0,20.0,1291.7857142857142,2
1048,124262.0,2057.0,51.0,96.0,96.0,24.0,1294.3958333333333,2
1049,151614.0,2639.0,190.0,117.0,117.0,1.0,1295.8461538461538,2
1050,775192.0,2094.0,38.0,598.0,598.0,24.0,1296.3076923076924,2
1051,10397.0,232.0,21.0,8.0,8.0,22.0,1299.625,2
1052,2864921.0,20734.0,702.0,2203.0,2203.0,24.0,1300.463458919655,2
1053,119689.0,2422.0,306.0,92.0,92.0,22.0,1300.9673913043478,2
1054,1519645.0,32902.0,2546.0,1165.0,1165.0,24.0,1304.4163090128754,2
1055,967519.0,2479.0,284.0,741.0,741.0,24.0,1305.693657219973,2
1056,35831470.0,164016.0,3638.0,27431.0,27431.0,1.0,1306.2400204148591,2
1057,1127892.0,110241.0,4511.0,863.0,863.0,22.0,1306.9432213209734,2
1058,554336.0,11864.0,1258.0,424.0,424.0,1.0,1307.3962264150944,2
1059,60673463.0,399967.0,0.0,46282.0,46282.0,24.0,1310.9516226610776,2
1060,327884.0,2427.0,2.0,250.0,250.0,24.0,1311.536,2
1061,39397.0,1521.0,68.0,30.0,30.0,24.0,1313.2333333333333,2
1062,495370.0,47821.0,9085.0,376.0,376.0,24.0,1317.473404255319,2
1063,112308.0,10864.0,745.0,85.0,85.0,24.0,1321.270588235294,2
1064,104481.0,6540.0,438.0,79.0,79.0,24.0,1322.5443037974683,2
1065,62176.0,5216.0,792.0,47.0,47.0,1.0,1322.8936170212767,2
1066,90039.0,789.0,26.0,68.0,68.0,22.0,1324.1029411764705,2
1067,92811.0,1303.0,42.0,70.0,70.0,24.0,1325.8714285714286,2
1068,4638558.0,666872.0,26388.0,3498.0,3498.0,24.0,1326.0600343053172,2
1069,25207.0,2226.0,202.0,19.0,19.0,1.0,1326.6842105263158,2
1070,42785.0,5035.0,370.0,32.0,32.0,24.0,1337.03125,2
1071,116668.0,659.0,30.0,87.0,87.0,1.0,1341.0114942528735,2
1072,1124447.0,36273.0,5820.0,838.0,838.0,24.0,1341.8221957040573,2
1073,4676105.0,291227.0,11323.0,3484.0,3484.0,22.0,1342.1656142365098,2
1074,132966.0,6409.0,982.0,99.0,99.0,20.0,1343.090909090909,2
1075,157347.0,4227.0,342.0,117.0,117.0,22.0,1344.8461538461538,2
1076,8097.0,541.0,42.0,6.0,6.0,24.0,1349.5,2
1077,66850093.0,489912.0,10606.0,49308.0,49308.0,24.0,1355.7656566885698,2
1078,29392974.0,327413.0,5449.0,21544.0,21544.0,23.0,1364.3229669513553,2
1079,1663565.0,32323.0,2141.0,1217.0,1217.0,24.0,1366.9391947411668,2
1080,19555216.0,108356.0,4139.0,14304.0,14304.0,22.0,1367.115212527964,2
1081,270821.0,10246.0,978.0,198.0,198.0,24.0,1367.7828282828282,2
1082,4625973.0,18941.0,469.0,3381.0,3381.0,22.0,1368.226264418811,2
1083,56115.0,1584.0,120.0,41.0,41.0,22.0,1368.658536585366,2
1084,138265.0,9863.0,535.0,101.0,101.0,24.0,1368.960396039604,2
1085,39710.0,1339.0,0.0,29.0,29.0,23.0,1369.3103448275863,2
1086,5444166.0,70468.0,2720.0,3969.0,3969.0,24.0,1371.6719576719577,2
1087,11193039.0,230535.0,6374.0,8145.0,8145.0,24.0,1374.2220994475138,2
1088,17901.0,1151.0,185.0,13.0,13.0,22.0,1377.0,2
1089,78582.0,6037.0,613.0,57.0,57.0,1.0,1378.6315789473683,2
1090,709766.0,5332.0,747.0,514.0,514.0,19.0,1380.8677042801557,2
1091,71916.0,3951.0,199.0,52.0,52.0,22.0,1383.0,2
1092,36018277.0,49249.0,1814.0,26006.0,26006.0,19.0,1384.9987310620627,2
1093,1241365.0,12373.0,286.0,894.0,894.0,24.0,1388.5514541387024,2
1094,347360.0,19522.0,283.0,250.0,250.0,24.0,1389.44,2
1095,10974017.0,110435.0,1346.0,7884.0,7884.0,24.0,1391.9351851851852,2
1096,9747.0,1078.0,0.0,7.0,7.0,1.0,1392.4285714285713,2
1097,25860089.0,209436.0,7578.0,18482.0,18482.0,24.0,1399.2040363597014,2
1098,110930.0,2457.0,78.0,79.0,79.0,24.0,1404.1772151898733,2
1099,662668.0,13268.0,382.0,470.0,470.0,24.0,1409.931914893617,2
1100,338078.0,2400.0,0.0,239.0,239.0,24.0,1414.55230125523,2
1101,1682087.0,65292.0,4891.0,1189.0,1189.0,23.0,1414.7073170731708,2
1102,1378667.0,14298.0,274.0,974.0,974.0,24.0,1415.4691991786447,2
1103,18361235.0,24049.0,197.0,12968.0,12968.0,1.0,1415.8879549660703,2
1104,13663319.0,100696.0,2617.0,9639.0,9639.0,1.0,1417.503786699865,2
1105,1871953.0,56832.0,5039.0,1320.0,1320.0,23.0,1418.146212121212,2
1106,240031.0,3755.0,252.0,169.0,169.0,22.0,1420.301775147929,2
1107,207521.0,1865.0,273.0,146.0,146.0,22.0,1421.376712328767,2
1108,550665.0,6561.0,221.0,387.0,387.0,22.0,1422.906976744186,2
1109,17802115.0,319099.0,11360.0,12511.0,12511.0,24.0,1422.9170330109503,2
1110,841032.0,13420.0,624.0,590.0,590.0,24.0,1425.4779661016948,2
1111,97139.0,13815.0,545.0,68.0,68.0,24.0,1428.514705882353,2
1112,1103051.0,25186.0,0.0,772.0,772.0,24.0,1428.8225388601036,2
1113,54333.0,2808.0,95.0,38.0,38.0,24.0,1429.8157894736842,2
1114,805748.0,5398.0,0.0,563.0,563.0,24.0,1431.1687388987566,2
1115,27266.0,2218.0,233.0,19.0,19.0,24.0,1435.0526315789473,2
1116,1411116.0,7871.0,317.0,983.0,983.0,24.0,1435.5198372329603,2
1117,209763.0,2232.0,0.0,146.0,146.0,24.0,1436.7328767123288,2
1118,4968819.0,27058.0,461.0,3445.0,3445.0,24.0,1442.3277213352685,2
1119,102446.0,2611.0,90.0,71.0,71.0,22.0,1442.9014084507041,2
1120,43358.0,2964.0,281.0,30.0,30.0,24.0,1445.2666666666667,2
1121,479957.0,7305.0,951.0,332.0,332.0,23.0,1445.6536144578313,2
1122,267521.0,3395.0,65.0,185.0,185.0,24.0,1446.0594594594595,2
1123,100949357.0,531847.0,13498.0,69757.0,69757.0,24.0,1447.157374887108,2
1124,26059.0,2555.0,242.0,18.0,18.0,24.0,1447.7222222222222,2
1125,198468.0,5054.0,604.0,137.0,137.0,22.0,1448.6715328467153,2
1126,7244.0,721.0,123.0,5.0,5.0,24.0,1448.8,2
1127,234908.0,19612.0,1493.0,162.0,162.0,20.0,1450.0493827160494,2
1128,207381.0,7064.0,409.0,143.0,143.0,22.0,1450.2167832167831,2
1129,59639.0,3393.0,369.0,41.0,41.0,22.0,1454.6097560975609,2
1130,417960.0,39928.0,2794.0,287.0,287.0,23.0,1456.3066202090592,2
1131,612896.0,2721.0,107.0,420.0,420.0,22.0,1459.2761904761905,2
1132,923894.0,13186.0,976.0,633.0,633.0,1.0,1459.5481832543444,2
1133,1436457.0,313193.0,23837.0,978.0,978.0,22.0,1468.7699386503068,2
1134,2153675.0,22357.0,409.0,1465.0,1465.0,24.0,1470.0853242320818,2
1135,144287638.0,1055189.0,30688.0,98148.0,98148.0,1.0,1470.102681664425,2
1136,1206176.0,20459.0,553.0,819.0,819.0,24.0,1472.7423687423689,2
1137,20693.0,330.0,68.0,14.0,14.0,22.0,1478.0714285714287,2
1138,48832.0,2314.0,153.0,33.0,33.0,24.0,1479.7575757575758,2
1139,11578846.0,237166.0,10222.0,7813.0,7813.0,22.0,1481.9974401638294,2
1140,9971277.0,12114.0,372.0,6707.0,6707.0,20.0,1486.6970329506485,2
1141,110103.0,6197.0,1006.0,74.0,74.0,24.0,1487.8783783783783,2
1142,551280.0,7376.0,59.0,370.0,370.0,24.0,1489.945945945946,2
1143,12051145.0,32247.0,3517.0,8081.0,8081.0,24.0,1491.2937755228313,2
1144,28735593.0,112506.0,3476.0,19196.0,19196.0,24.0,1496.9573348614294,2
1145,1010918.0,3188.0,80.0,675.0,675.0,24.0,1497.6562962962962,2
1146,1501.0,79.0,56.0,1.0,1.0,22.0,1501.0,2
1147,371301.0,21733.0,2114.0,246.0,246.0,1.0,1509.3536585365853,2
1148,42317.0,616.0,20.0,28.0,28.0,24.0,1511.3214285714287,2
1149,2757930.0,114079.0,3945.0,1824.0,1824.0,1.0,1512.0230263157894,2
1150,6435673.0,107982.0,2192.0,4238.0,4238.0,22.0,1518.5637092968382,2
1151,334286.0,36783.0,2390.0,220.0,220.0,1.0,1519.4818181818182,2
1152,2184403.0,19127.0,343.0,1437.0,1437.0,24.0,1520.1134307585246,2
1153,77527.0,553.0,28.0,51.0,51.0,23.0,1520.137254901961,2
1154,16766.0,1533.0,70.0,11.0,11.0,24.0,1524.1818181818182,2
1155,142040.0,8471.0,1086.0,93.0,93.0,24.0,1527.3118279569892,2
1156,222449.0,1566.0,69.0,145.0,145.0,22.0,1534.1310344827587,2
1157,405511.0,10270.0,964.0,264.0,264.0,24.0,1536.0265151515152,2
1158,86064.0,6185.0,636.0,56.0,56.0,24.0,1536.857142857143,2
1159,341296.0,11639.0,1362.0,222.0,222.0,1.0,1537.3693693693695,2
1160,455771.0,5287.0,249.0,296.0,296.0,24.0,1539.7668918918919,2
1161,32395.0,1250.0,91.0,21.0,21.0,22.0,1542.6190476190477,2
1162,29859401.0,172988.0,8342.0,19354.0,19354.0,22.0,1542.8025731115015,2
1163,9679028.0,225343.0,12733.0,6270.0,6270.0,22.0,1543.704625199362,2
1164,485099.0,6018.0,174.0,314.0,314.0,24.0,1544.9012738853503,2
1165,9288.0,1847.0,122.0,6.0,6.0,24.0,1548.0,2
1166,1172163.0,15074.0,1931.0,756.0,756.0,1.0,1550.4801587301588,2
1167,82311.0,1497.0,36.0,53.0,53.0,24.0,1553.0377358490566,2
1168,4176395.0,49182.0,1178.0,2679.0,2679.0,22.0,1558.9380365808138,2
1169,23425906.0,236887.0,11224.0,15014.0,15014.0,22.0,1560.27081390702,2
1170,99073965.0,1992557.0,82938.0,63349.0,63349.0,23.0,1563.9388940630477,2
1171,29727.0,6095.0,560.0,19.0,19.0,24.0,1564.578947368421,2
1172,29005784.0,483046.0,28298.0,18500.0,18500.0,24.0,1567.8802162162162,2
1173,970987.0,10500.0,314.0,617.0,617.0,24.0,1573.7228525121557,2
1174,21612255.0,374298.0,24324.0,13724.0,13724.0,24.0,1574.7781259108133,2
1175,13643215.0,126502.0,5403.0,8644.0,8644.0,24.0,1578.345094863489,2
1176,133033.0,3480.0,160.0,84.0,84.0,24.0,1583.7261904761904,2
1177,20654.0,1224.0,80.0,13.0,13.0,22.0,1588.7692307692307,2
1178,889891.0,10227.0,896.0,560.0,560.0,24.0,1589.0910714285715,2
1179,77890.0,1032.0,50.0,49.0,49.0,22.0,1589.591836734694,2
1180,1308538.0,2804.0,79.0,823.0,823.0,24.0,1589.9611178614823,2
1181,3491693.0,35198.0,2781.0,2194.0,2194.0,22.0,1591.4735642661806,2
1182,1162772.0,78081.0,4663.0,730.0,730.0,20.0,1592.8383561643836,2
1183,57128710.0,476834.0,19517.0,35792.0,35792.0,22.0,1596.1306995976754,2
1184,125091.0,725.0,28.0,78.0,78.0,22.0,1603.7307692307693,2
1185,144394.0,2841.0,64.0,90.0,90.0,24.0,1604.3777777777777,2
1186,24369010.0,35730.0,528.0,15131.0,15131.0,1.0,1610.5353248298195,2
1187,299177.0,3489.0,177.0,185.0,185.0,24.0,1617.172972972973,2
1188,22124857.0,417607.0,15145.0,13665.0,13665.0,24.0,1619.0894255397,2
1189,9561711.0,143882.0,5532.0,5898.0,5898.0,23.0,1621.178535096643,2
1190,682559.0,22255.0,2249.0,420.0,420.0,22.0,1625.1404761904762,2
1191,14629.0,677.0,202.0,9.0,9.0,24.0,1625.4444444444443,2
1192,63414.0,421.0,14.0,39.0,39.0,22.0,1626.0,2
1193,1060252.0,47635.0,3038.0,652.0,652.0,1.0,1626.153374233129,2
1194,160264.0,2571.0,28.0,98.0,98.0,1.0,1635.3469387755101,2
1195,143092673.0,588845.0,17108.0,87355.0,87355.0,1.0,1638.0593326083224,2
1196,244751.0,2731.0,110.0,149.0,149.0,24.0,1642.6241610738255,2
1197,8226.0,951.0,108.0,5.0,5.0,22.0,1645.2,2
1198,1226597.0,4089.0,1425.0,744.0,744.0,22.0,1648.65188172043,2
1199,16118629.0,86652.0,1276.0,9710.0,9710.0,22.0,1660.0029866117404,2
1200,280236.0,13112.0,1245.0,168.0,168.0,24.0,1668.0714285714287,2
1201,65090.0,2110.0,208.0,39.0,39.0,19.0,1668.974358974359,2
1202,36744.0,3382.0,353.0,22.0,22.0,24.0,1670.1818181818182,2
1203,437598.0,14825.0,741.0,262.0,262.0,1.0,1670.2213740458014,2
1204,7771123.0,192555.0,13150.0,4652.0,4652.0,24.0,1670.4907566638005,2
1205,1100760.0,29534.0,1426.0,658.0,658.0,1.0,1672.887537993921,2
1206,27429021.0,521680.0,61040.0,16396.0,16396.0,24.0,1672.909307148085,2
1207,1134466.0,4828.0,91.0,678.0,678.0,22.0,1673.2536873156341,2
1208,344728.0,11054.0,883.0,206.0,206.0,24.0,1673.4368932038835,2
1209,238365.0,36687.0,1354.0,142.0,142.0,24.0,1678.6267605633802,2
1210,357351755.0,1340129.0,59717.0,212771.0,212771.0,24.0,1679.5134440313764,2
1211,10132.0,118.0,15.0,6.0,6.0,24.0,1688.6666666666667,2
1212,118489.0,2932.0,288.0,70.0,70.0,20.0,1692.7,2
1213,5095.0,227.0,33.0,3.0,3.0,22.0,1698.3333333333333,2
1214,49295.0,2248.0,540.0,29.0,29.0,19.0,1699.8275862068965,2
1215,3712178.0,18243.0,1124.0,2179.0,2179.0,1.0,1703.6154199173934,2
1216,141420.0,10015.0,606.0,83.0,83.0,1.0,1703.855421686747,2
1217,21106235.0,42424.0,1570.0,12369.0,12369.0,22.0,1706.3816800064678,2
1218,1195174.0,14194.0,1544.0,700.0,700.0,24.0,1707.3914285714286,2
1219,70261.0,1089.0,22.0,41.0,41.0,24.0,1713.6829268292684,2
1220,5266719.0,106371.0,6602.0,3071.0,3071.0,24.0,1714.985021165744,2
1221,372168.0,3232.0,115.0,217.0,217.0,24.0,1715.0599078341013,2
1222,233404.0,11109.0,729.0,136.0,136.0,24.0,1716.2058823529412,2
1223,5016131.0,29815.0,1048.0,2919.0,2919.0,22.0,1718.4415895854745,2
1224,110024.0,672.0,56.0,64.0,64.0,1.0,1719.125,2
1225,1408677.0,34469.0,2135.0,818.0,818.0,24.0,1722.09902200489,2
1226,2145813.0,28079.0,1489.0,1245.0,1245.0,22.0,1723.544578313253,2
1227,2680099.0,35270.0,777.0,1546.0,1546.0,24.0,1733.5698576972834,2
1228,538049.0,1246.0,21.0,310.0,310.0,1.0,1735.641935483871,2
1229,199920.0,2337.0,95.0,115.0,115.0,24.0,1738.4347826086957,2
1230,1738449.0,109401.0,21675.0,992.0,992.0,24.0,1752.46875,2
1231,501483.0,8615.0,926.0,286.0,286.0,1.0,1753.437062937063,2
1232,587956.0,12347.0,952.0,335.0,335.0,19.0,1755.0925373134328,2
1233,25819060.0,942989.0,63128.0,14637.0,14637.0,23.0,1763.958461433354,2
1234,1709982.0,40888.0,3987.0,968.0,968.0,19.0,1766.5103305785124,2
1235,5325.0,183.0,21.0,3.0,3.0,22.0,1775.0,2
1236,10671.0,860.0,17.0,6.0,6.0,24.0,1778.5,2
1237,2364837.0,60087.0,3825.0,1328.0,1328.0,1.0,1780.750753012048,2
1238,2384487.0,41276.0,5003.0,1338.0,1338.0,19.0,1782.127802690583,2
1239,287138.0,11280.0,125.0,161.0,161.0,24.0,1783.4658385093169,2
1240,71443.0,506.0,27.0,40.0,40.0,22.0,1786.075,2
1241,355791.0,3400.0,146.0,199.0,199.0,24.0,1787.894472361809,2
1242,281457.0,3670.0,192.0,157.0,157.0,22.0,1792.71974522293,2
1243,353074.0,5105.0,154.0,196.0,196.0,24.0,1801.3979591836735,2
1244,407278.0,4168.0,138.0,226.0,226.0,24.0,1802.1150442477876,2
1245,185732.0,2498.0,74.0,103.0,103.0,24.0,1803.2233009708739,2
1246,3363173.0,69981.0,1073.0,1857.0,1857.0,22.0,1811.0786214324178,2
1247,3138599.0,3889.0,152.0,1729.0,1729.0,24.0,1815.2683632157316,2
1248,83587.0,5001.0,418.0,46.0,46.0,20.0,1817.108695652174,2
1249,865558.0,9763.0,233.0,473.0,473.0,1.0,1829.9323467230445,2
1250,60331446.0,2741704.0,79155.0,32949.0,32949.0,24.0,1831.0554493307839,2
1251,203685.0,11933.0,711.0,111.0,111.0,20.0,1835.0,2
1252,1549780.0,19721.0,1075.0,842.0,842.0,24.0,1840.5938242280286,2
1253,19035222.0,551975.0,181987.0,10334.0,10334.0,24.0,1841.9994193922973,2
1254,20456286.0,119036.0,6234.0,11088.0,11088.0,22.0,1844.9031385281385,2
1255,18450.0,389.0,15.0,10.0,10.0,24.0,1845.0,2
1256,9011997.0,39293.0,3766.0,4884.0,4884.0,22.0,1845.208230958231,2
1257,177775.0,2010.0,599.0,96.0,96.0,1.0,1851.8229166666667,2
1258,349939.0,12468.0,1021.0,188.0,188.0,19.0,1861.377659574468,2
1259,173260.0,5529.0,477.0,93.0,93.0,19.0,1863.010752688172,2
1260,152837.0,2037.0,77.0,82.0,82.0,19.0,1863.8658536585365,2
1261,113780.0,2654.0,424.0,61.0,61.0,23.0,1865.2459016393443,2
1262,125655.0,2047.0,131.0,67.0,67.0,22.0,1875.44776119403,2
1263,20823788.0,67963.0,0.0,11043.0,11043.0,1.0,1885.700262609798,2
1264,450555.0,5077.0,165.0,238.0,238.0,24.0,1893.0882352941176,2
1265,592891.0,6229.0,179.0,313.0,313.0,24.0,1894.220447284345,2
1266,322203.0,8122.0,1174.0,170.0,170.0,1.0,1895.3117647058823,2
1267,1166959.0,36485.0,3698.0,611.0,611.0,1.0,1909.9165302782324,2
1268,53479.0,4608.0,166.0,28.0,28.0,24.0,1909.9642857142858,2
1269,2455562.0,18099.0,4616.0,1285.0,1285.0,1.0,1910.9431906614786,2
1270,111122.0,1538.0,144.0,58.0,58.0,24.0,1915.896551724138,2
1271,2101210.0,25850.0,1349.0,1095.0,1095.0,22.0,1918.9132420091323,2
1272,98295.0,1261.0,183.0,51.0,51.0,22.0,1927.3529411764705,2
1273,34742.0,318.0,17.0,18.0,18.0,22.0,1930.111111111111,2
1274,15490.0,720.0,151.0,8.0,8.0,24.0,1936.25,2
1275,15513.0,2233.0,89.0,8.0,8.0,20.0,1939.125,2
1276,81721.0,2715.0,152.0,42.0,42.0,24.0,1945.7380952380952,2
1277,132742.0,1278.0,293.0,68.0,68.0,19.0,1952.0882352941176,2
1278,3814897.0,45297.0,1210.0,1952.0,1952.0,22.0,1954.3529713114754,2
1279,1743338.0,1550.0,244.0,892.0,892.0,22.0,1954.414798206278,2
1280,2207440740.0,5264941.0,191239.0,1128137.0,1128137.0,1.0,1956.7133601681355,2
1281,12732899.0,104215.0,2027.0,6504.0,6504.0,24.0,1957.7027982779828,2
1282,14655015.0,273379.0,24771.0,7464.0,7464.0,1.0,1963.4264469453376,2
1283,691835.0,46684.0,2168.0,352.0,352.0,23.0,1965.440340909091,2
1284,3366368.0,7291.0,344.0,1711.0,1711.0,24.0,1967.4856808883694,2
1285,440650.0,38941.0,2224.0,223.0,223.0,1.0,1976.0089686098654,2
1286,449548491.0,939533.0,20046.0,227454.0,227454.0,1.0,1976.4369542852621,2
1287,439645.0,38898.0,2222.0,222.0,222.0,1.0,1980.382882882883,2
1288,1666409.0,54497.0,2282.0,840.0,840.0,23.0,1983.820238095238,2
1289,41938706.0,604161.0,109924.0,21140.0,21140.0,23.0,1983.8555345316934,2
1290,387101.0,7886.0,74.0,195.0,195.0,1.0,1985.1333333333334,2
1291,365695.0,51460.0,2633.0,184.0,184.0,24.0,1987.4728260869565,2
1292,499221.0,4704.0,160.0,251.0,251.0,24.0,1988.9282868525897,2
1293,227221.0,2682.0,111.0,114.0,114.0,24.0,1993.1666666666667,2
1294,23958.0,190.0,10.0,12.0,12.0,22.0,1996.5,2
1295,383544.0,19572.0,1300.0,192.0,192.0,22.0,1997.625,2
1296,298084.0,6111.0,102.0,149.0,149.0,22.0,2000.5637583892617,0
1297,58191.0,2967.0,221.0,29.0,29.0,20.0,2006.5862068965516,0
1298,4827232.0,587938.0,17607.0,2405.0,2405.0,24.0,2007.1650727650729,0
1299,132536.0,4071.0,374.0,66.0,66.0,1.0,2008.121212121212,0
1300,672038.0,7194.0,200.0,334.0,334.0,24.0,2012.0898203592815,0
1301,80517.0,15311.0,976.0,40.0,40.0,24.0,2012.925,0
1302,10075.0,302.0,15.0,5.0,5.0,24.0,2015.0,0
1303,24181.0,965.0,232.0,12.0,12.0,24.0,2015.0833333333333,0
1304,8080.0,205.0,73.0,4.0,4.0,22.0,2020.0,0
1305,416952.0,1340.0,95.0,206.0,206.0,1.0,2024.0388349514562,0
1306,33278045.0,717462.0,26242.0,16441.0,16441.0,24.0,2024.088863207834,0
1307,362336.0,11258.0,2170.0,179.0,179.0,20.0,2024.2234636871508,0
1308,413193.0,4314.0,144.0,204.0,204.0,24.0,2025.4558823529412,0
1309,475163.0,4499.0,170.0,234.0,234.0,24.0,2030.611111111111,0
1310,50768.0,1852.0,44.0,25.0,25.0,22.0,2030.72,0
1311,3550053.0,20563.0,2103.0,1746.0,1746.0,1.0,2033.249140893471,0
1312,1414403.0,75520.0,2076.0,695.0,695.0,24.0,2035.1122302158274,0
1313,4405196.0,39531.0,1034.0,2156.0,2156.0,24.0,2043.226345083488,0
1314,551701.0,7870.0,97.0,270.0,270.0,24.0,2043.3370370370371,0
1315,12276.0,1885.0,260.0,6.0,6.0,24.0,2046.0,0
1316,479070.0,8685.0,139.0,234.0,234.0,24.0,2047.3076923076924,0
1317,1943526.0,10715.0,442.0,949.0,949.0,24.0,2047.972602739726,0
1318,208931.0,2494.0,436.0,102.0,102.0,24.0,2048.343137254902,0
1319,4108.0,253.0,33.0,2.0,2.0,24.0,2054.0,0
1320,480842.0,19574.0,342.0,234.0,234.0,24.0,2054.880341880342,0
1321,111169.0,1188.0,23.0,54.0,54.0,24.0,2058.685185185185,0
1322,362330.0,4274.0,414.0,176.0,176.0,24.0,2058.693181818182,0
1323,92652.0,1323.0,33.0,45.0,45.0,22.0,2058.9333333333334,0
1324,2457386.0,24164.0,946.0,1192.0,1192.0,24.0,2061.5654362416108,0
1325,37113.0,2743.0,603.0,18.0,18.0,24.0,2061.8333333333335,0
1326,6240.0,76.0,12.0,3.0,3.0,24.0,2080.0,0
1327,85527.0,468.0,147.0,41.0,41.0,24.0,2086.0243902439024,0
1328,14631.0,146.0,8.0,7.0,7.0,24.0,2090.1428571428573,0
1329,159125.0,3592.0,290.0,76.0,76.0,24.0,2093.75,0
1330,13372227.0,310063.0,2601.0,6386.0,6386.0,24.0,2093.9910742248667,0
1331,11852821.0,45371.0,930.0,5629.0,5629.0,22.0,2105.6708118671168,0
1332,117939.0,3445.0,782.0,56.0,56.0,23.0,2106.0535714285716,0
1333,24909456.0,155323.0,4935.0,11788.0,11788.0,24.0,2113.1197828299964,0
1334,150113.0,10853.0,1507.0,71.0,71.0,1.0,2114.2676056338028,0
1335,205193.0,3938.0,400.0,97.0,97.0,24.0,2115.3917525773195,0
1336,4721471.0,29454.0,576.0,2227.0,2227.0,22.0,2120.103726986978,0
1337,1486256.0,42157.0,1453.0,701.0,701.0,23.0,2120.194008559201,0
1338,22692004.0,425287.0,14237.0,10667.0,10667.0,24.0,2127.3088965969814,0
1339,134732.0,3265.0,587.0,63.0,63.0,23.0,2138.6031746031745,0
1340,15966921.0,220098.0,10072.0,7429.0,7429.0,24.0,2149.2692152375826,0
1341,43012.0,2916.0,725.0,20.0,20.0,24.0,2150.6,0
1342,497062.0,30884.0,2659.0,231.0,231.0,24.0,2151.78354978355,0
1343,112906.0,1032.0,26.0,52.0,52.0,24.0,2171.269230769231,0
1344,6184748.0,21548.0,1260.0,2848.0,2848.0,24.0,2171.6109550561796,0
1345,134718.0,4038.0,110.0,62.0,62.0,1.0,2172.8709677419356,0
1346,19663.0,334.0,0.0,9.0,9.0,24.0,2184.777777777778,0
1347,344433.0,14258.0,1456.0,157.0,157.0,24.0,2193.8407643312103,0
1348,144854.0,512.0,107.0,66.0,66.0,24.0,2194.757575757576,0
1349,1314971.0,25762.0,1346.0,597.0,597.0,20.0,2202.6314907872697,0
1350,5269099.0,28697.0,598.0,2386.0,2386.0,22.0,2208.339899413244,0
1351,9744730.0,188972.0,7709.0,4403.0,4403.0,24.0,2213.2023620258915,0
1352,1206199.0,11629.0,181.0,545.0,545.0,24.0,2213.2091743119267,0
1353,2524786.0,60028.0,5988.0,1140.0,1140.0,19.0,2214.7245614035087,0
1354,115214.0,3727.0,402.0,52.0,52.0,24.0,2215.653846153846,0
1355,4457.0,43.0,27.0,2.0,2.0,22.0,2228.5,0
1356,360579343.0,840619.0,15519.0,161613.0,161613.0,1.0,2231.12833126048,0
1357,3392326.0,30009.0,647.0,1520.0,1520.0,24.0,2231.7934210526314,0
1358,25353925.0,202449.0,2205.0,11334.0,11334.0,24.0,2236.979442385742,0
1359,3218632.0,16766.0,1086.0,1438.0,1438.0,22.0,2238.269819193324,0
1360,49341.0,1411.0,0.0,22.0,22.0,22.0,2242.7727272727275,0
1361,174943.0,8307.0,1407.0,78.0,78.0,24.0,2242.858974358974,0
1362,509471.0,10208.0,684.0,227.0,227.0,24.0,2244.3656387665196,0
1363,566044.0,7002.0,184.0,252.0,252.0,22.0,2246.2063492063494,0
1364,198189.0,2041.0,480.0,88.0,88.0,1.0,2252.1477272727275,0
1365,1022876.0,7286.0,243.0,454.0,454.0,24.0,2253.0308370044054,0
1366,1140325.0,11300.0,856.0,506.0,506.0,24.0,2253.606719367589,0
1367,964750.0,9165.0,160.0,427.0,427.0,24.0,2259.367681498829,0
1368,526792.0,18564.0,1107.0,233.0,233.0,24.0,2260.9098712446353,0
1369,253838.0,4782.0,399.0,112.0,112.0,24.0,2266.410714285714,0
1370,21833125.0,310324.0,20241.0,9616.0,9616.0,1.0,2270.499688019967,0
1371,3477257.0,97711.0,1752.0,1529.0,1529.0,24.0,2274.203400915631,0
1372,759615.0,41121.0,10448.0,334.0,334.0,22.0,2274.2964071856286,0
1373,15949.0,1032.0,63.0,7.0,7.0,22.0,2278.4285714285716,0
1374,93868.0,3445.0,167.0,41.0,41.0,22.0,2289.4634146341464,0
1375,135903.0,1945.0,74.0,59.0,59.0,22.0,2303.4406779661017,0
1376,191301.0,2619.0,16.0,83.0,83.0,24.0,2304.8313253012047,0
1377,4782118.0,87445.0,11270.0,2074.0,2074.0,19.0,2305.7463837994214,0
1378,1687007.0,16868.0,340.0,731.0,731.0,22.0,2307.807113543092,0
1379,351184.0,52749.0,3395.0,152.0,152.0,24.0,2310.4210526315787,0
1380,41637499.0,229631.0,8228.0,17903.0,17903.0,22.0,2325.7274758420376,0
1381,130339.0,1649.0,55.0,56.0,56.0,22.0,2327.4821428571427,0
1382,104754.0,1761.0,357.0,45.0,45.0,24.0,2327.866666666667,0
1383,7403195.0,236704.0,8208.0,3168.0,3168.0,24.0,2336.8671085858587,0
1384,953417.0,11926.0,1031.0,407.0,407.0,24.0,2342.5479115479116,0
1385,98819.0,1295.0,34.0,42.0,42.0,23.0,2352.8333333333335,0
1386,7064.0,321.0,84.0,3.0,3.0,22.0,2354.6666666666665,0
1387,30683.0,712.0,28.0,13.0,13.0,24.0,2360.230769230769,0
1388,23711.0,1147.0,135.0,10.0,10.0,1.0,2371.1,0
1389,9975951.0,277146.0,14705.0,4204.0,4204.0,24.0,2372.9664605137964,0
1390,102540.0,8202.0,274.0,43.0,43.0,24.0,2384.6511627906975,0
1391,141772030.0,4389993.0,107227.0,59408.0,59408.0,24.0,2386.4131093455426,0
1392,54933.0,1475.0,93.0,23.0,23.0,22.0,2388.391304347826,0
1393,86067.0,7120.0,603.0,36.0,36.0,24.0,2390.75,0
1394,842815.0,13291.0,850.0,350.0,350.0,24.0,2408.042857142857,0
1395,106168.0,910.0,157.0,44.0,44.0,1.0,2412.909090909091,0
1396,8660100.0,129584.0,21312.0,3585.0,3585.0,19.0,2415.648535564854,0
1397,85173.0,1443.0,218.0,35.0,35.0,24.0,2433.5142857142855,0
1398,247022.0,976.0,47.0,101.0,101.0,1.0,2445.762376237624,0
1399,41832.0,3830.0,222.0,17.0,17.0,22.0,2460.705882352941,0
1400,37036.0,2088.0,67.0,15.0,15.0,1.0,2469.0666666666666,0
1401,113818.0,8209.0,724.0,46.0,46.0,22.0,2474.304347826087,0
1402,344075.0,6305.0,287.0,139.0,139.0,24.0,2475.359712230216,0
1403,111395.0,1586.0,40.0,45.0,45.0,20.0,2475.4444444444443,0
1404,42366.0,3847.0,168.0,17.0,17.0,24.0,2492.1176470588234,0
1405,39084017.0,138524.0,2919.0,15560.0,15560.0,24.0,2511.8262853470437,0
1406,32757.0,253.0,3.0,13.0,13.0,22.0,2519.769230769231,0
1407,239711.0,28833.0,2916.0,95.0,95.0,1.0,2523.2736842105264,0
1408,34742162.0,383548.0,12395.0,13726.0,13726.0,24.0,2531.120646947399,0
1409,1665831.0,76555.0,1358.0,656.0,656.0,23.0,2539.376524390244,0
1410,139707.0,3522.0,228.0,55.0,55.0,24.0,2540.1272727272726,0
1411,53408.0,2772.0,280.0,21.0,21.0,22.0,2543.2380952380954,0
1412,521763.0,4183.0,39.0,205.0,205.0,24.0,2545.1853658536584,0
1413,765524.0,45280.0,1754.0,300.0,300.0,23.0,2551.7466666666664,0
1414,11906966.0,86586.0,1860.0,4651.0,4651.0,24.0,2560.087293055257,0
1415,97468.0,4116.0,333.0,38.0,38.0,20.0,2564.9473684210525,0
1416,66702.0,1616.0,53.0,26.0,26.0,22.0,2565.4615384615386,0
1417,64287.0,1472.0,90.0,25.0,25.0,24.0,2571.48,0
1418,1324381.0,37176.0,510.0,513.0,513.0,24.0,2581.6393762183234,0
1419,6229234.0,37775.0,1579.0,2378.0,2378.0,22.0,2619.5264928511356,0
1420,18457.0,1917.0,69.0,7.0,7.0,22.0,2636.714285714286,0
1421,530006.0,16097.0,830.0,201.0,201.0,24.0,2636.8457711442784,0
1422,12759426.0,444442.0,30036.0,4835.0,4835.0,24.0,2638.9712512926576,0
1423,1700312.0,43877.0,3133.0,643.0,643.0,22.0,2644.3421461897356,0
1424,29152.0,6433.0,604.0,11.0,11.0,24.0,2650.181818181818,0
1425,5834320.0,65978.0,7463.0,2196.0,2196.0,24.0,2656.7941712204006,0
1426,13302.0,653.0,97.0,5.0,5.0,24.0,2660.4,0
1427,8787494.0,164370.0,5283.0,3292.0,3292.0,24.0,2669.3481166464157,0
1428,951728.0,11881.0,1322.0,356.0,356.0,24.0,2673.3932584269664,0
1429,1578130.0,200077.0,11641.0,587.0,587.0,23.0,2688.4667802385006,0
1430,400413.0,11178.0,436.0,148.0,148.0,24.0,2705.4932432432433,0
1431,51414.0,1739.0,102.0,19.0,19.0,24.0,2706.0,0
1432,90987294.0,329463.0,23836.0,33590.0,33590.0,1.0,2708.761357546889,0
1433,2720.0,97.0,0.0,1.0,1.0,22.0,2720.0,0
1434,1246056.0,10150.0,1227.0,455.0,455.0,24.0,2738.5846153846155,0
1435,233145.0,4043.0,118.0,85.0,85.0,22.0,2742.8823529411766,0
1436,13831.0,107.0,0.0,5.0,5.0,24.0,2766.2,0
1437,139861.0,11082.0,1341.0,50.0,50.0,24.0,2797.22,0
1438,2189956.0,57310.0,1397.0,778.0,778.0,24.0,2814.853470437018,0
1439,59172.0,648.0,30.0,21.0,21.0,24.0,2817.714285714286,0
1440,64848.0,3295.0,81.0,23.0,23.0,1.0,2819.478260869565,0
1441,1197462.0,21339.0,266.0,423.0,423.0,22.0,2830.8794326241136,0
1442,65628961.0,790318.0,42283.0,23116.0,23116.0,22.0,2839.1140768299015,0
1443,466959.0,3536.0,61.0,164.0,164.0,24.0,2847.310975609756,0
1444,7106319.0,22006.0,546.0,2493.0,2493.0,22.0,2850.5090252707582,0
1445,3457195.0,23852.0,706.0,1206.0,1206.0,24.0,2866.6625207296847,0
1446,46164.0,743.0,108.0,16.0,16.0,24.0,2885.25,0
1447,63625.0,371.0,15.0,22.0,22.0,24.0,2892.0454545454545,0
1448,20253.0,352.0,0.0,7.0,7.0,24.0,2893.285714285714,0
1449,1689958.0,40308.0,1187.0,583.0,583.0,22.0,2898.7272727272725,0
1450,136370.0,600.0,138.0,47.0,47.0,24.0,2901.4893617021276,0
1451,4964603.0,5675.0,278.0,1702.0,1702.0,1.0,2916.9230317273796,0
1452,960824.0,13941.0,913.0,329.0,329.0,24.0,2920.437689969605,0
1453,543635.0,44655.0,1396.0,186.0,186.0,24.0,2922.7688172043013,0
1454,14669.0,730.0,56.0,5.0,5.0,22.0,2933.8,0
1455,3733255.0,23202.0,863.0,1266.0,1266.0,24.0,2948.8586097946286,0
1456,24670804.0,236156.0,4763.0,8216.0,8216.0,22.0,3002.775559883155,0
1457,138496.0,3864.0,685.0,46.0,46.0,22.0,3010.782608695652,0
1458,54485387.0,223417.0,12838.0,18004.0,18004.0,23.0,3026.2934347922683,0
1459,96957.0,11668.0,388.0,32.0,32.0,20.0,3029.90625,0
1460,1024163.0,57997.0,1903.0,337.0,337.0,1.0,3039.059347181009,0
1461,51854.0,1193.0,84.0,17.0,17.0,24.0,3050.235294117647,0
1462,259970.0,5891.0,431.0,85.0,85.0,24.0,3058.470588235294,0
1463,42946.0,947.0,26.0,14.0,14.0,24.0,3067.5714285714284,0
1464,3550753.0,52689.0,4397.0,1153.0,1153.0,1.0,3079.5776235906333,0
1465,6164.0,487.0,32.0,2.0,2.0,24.0,3082.0,0
1466,13218943.0,150847.0,8618.0,4289.0,4289.0,23.0,3082.0571228724643,0
1467,34703361.0,279045.0,14480.0,11180.0,11180.0,23.0,3104.057334525939,0
1468,127677.0,6048.0,207.0,41.0,41.0,24.0,3114.0731707317073,0
1469,106028119.0,1156088.0,63833.0,33934.0,33934.0,22.0,3124.5393705428182,0
1470,56243.0,311.0,21.0,18.0,18.0,24.0,3124.6111111111113,0
1471,190972.0,7809.0,240.0,61.0,61.0,24.0,3130.688524590164,0
1472,16464967.0,617343.0,23321.0,5246.0,5246.0,24.0,3138.575486084636,0
1473,79819.0,4087.0,98.0,25.0,25.0,24.0,3192.76,0
1474,8065476.0,36810.0,1824.0,2526.0,2526.0,24.0,3192.9833729216152,0
1475,1258127.0,41784.0,1920.0,392.0,392.0,24.0,3209.5076530612246,0
1476,2234982.0,52906.0,2570.0,696.0,696.0,22.0,3211.1810344827586,0
1477,881418.0,28831.0,1605.0,273.0,273.0,24.0,3228.6373626373625,0
1478,19411.0,2774.0,139.0,6.0,6.0,22.0,3235.1666666666665,0
1479,1023043.0,62173.0,1299.0,316.0,316.0,24.0,3237.477848101266,0
1480,91061.0,2691.0,268.0,28.0,28.0,23.0,3252.1785714285716,0
1481,322281.0,13606.0,1545.0,99.0,99.0,24.0,3255.3636363636365,0
1482,5704935.0,26265.0,2162.0,1751.0,1751.0,19.0,3258.101085094232,0
1483,32609.0,238.0,18.0,10.0,10.0,24.0,3260.9,0
1484,29457.0,250.0,4.0,9.0,9.0,22.0,3273.0,0
1485,9420844.0,165267.0,24002.0,2866.0,2866.0,24.0,3287.105373342638,0
1486,3312.0,291.0,23.0,1.0,1.0,20.0,3312.0,0
1487,79548.0,1708.0,71.0,24.0,24.0,24.0,3314.5,0
1488,6671.0,593.0,76.0,2.0,2.0,19.0,3335.5,0
1489,340748.0,7863.0,307.0,102.0,102.0,22.0,3340.6666666666665,0
1490,676409.0,34451.0,894.0,197.0,197.0,24.0,3433.548223350254,0
1491,144507.0,3445.0,263.0,42.0,42.0,24.0,3440.6428571428573,0
1492,6380855.0,260261.0,9626.0,1848.0,1848.0,22.0,3452.843614718615,0
1493,31127.0,1438.0,175.0,9.0,9.0,1.0,3458.5555555555557,0
1494,249204.0,4510.0,545.0,72.0,72.0,24.0,3461.1666666666665,0
1495,713779.0,22259.0,367.0,206.0,206.0,24.0,3464.9466019417478,0
1496,2287480.0,10970.0,157.0,659.0,659.0,22.0,3471.1380880121396,0
1497,38381.0,2424.0,219.0,11.0,11.0,24.0,3489.181818181818,0
1498,41875.0,2444.0,126.0,12.0,12.0,24.0,3489.5833333333335,0
1499,42063.0,1649.0,72.0,12.0,12.0,24.0,3505.25,0
1500,10588.0,96.0,0.0,3.0,3.0,22.0,3529.3333333333335,0
1501,70640.0,2405.0,97.0,20.0,20.0,24.0,3532.0,0
1502,2299901.0,34363.0,2651.0,646.0,646.0,22.0,3560.21826625387,0
1503,14248.0,833.0,44.0,4.0,4.0,22.0,3562.0,0
1504,3570.0,47.0,0.0,1.0,1.0,22.0,3570.0,0
1505,2830830.0,54986.0,1460.0,789.0,789.0,22.0,3587.8707224334603,0
1506,65206.0,1322.0,66.0,18.0,18.0,24.0,3622.5555555555557,0
1507,14517.0,788.0,44.0,4.0,4.0,24.0,3629.25,0
1508,2142617.0,29134.0,590.0,581.0,581.0,24.0,3687.8089500860583,0
1509,20306436.0,290408.0,18576.0,5427.0,5427.0,22.0,3741.7423991155333,0
1510,349977.0,1737.0,78.0,92.0,92.0,24.0,3804.0978260869565,0
1511,5383067.0,40716.0,1930.0,1413.0,1413.0,1.0,3809.672328379335,0
1512,38144.0,904.0,66.0,10.0,10.0,24.0,3814.4,0
1513,9578559.0,136558.0,1986.0,2492.0,2492.0,24.0,3843.723515248796,0
1514,13322319.0,115789.0,10200.0,3458.0,3458.0,1.0,3852.6081550028916,0
1515,7914399.0,83488.0,15669.0,2004.0,2004.0,24.0,3949.3008982035926,0
1516,355614.0,6697.0,269.0,89.0,89.0,22.0,3995.6629213483147,0
1517,68880250.0,901803.0,40772.0,17039.0,17039.0,24.0,4042.505428722343,0
1518,892967.0,6262.0,239.0,219.0,219.0,24.0,4077.4748858447488,0
1519,6781767.0,143209.0,5632.0,1663.0,1663.0,1.0,4078.0318701142514,0
1520,106977.0,9094.0,727.0,26.0,26.0,24.0,4114.5,0
1521,53891.0,1091.0,105.0,13.0,13.0,24.0,4145.461538461538,0
1522,109281.0,1302.0,215.0,26.0,26.0,24.0,4203.115384615385,0
1523,16167875.0,241458.0,21063.0,3795.0,3795.0,22.0,4260.309617918314,0
1524,205184.0,11870.0,675.0,48.0,48.0,24.0,4274.666666666667,0
1525,9822282.0,77483.0,5251.0,2287.0,2287.0,24.0,4294.8325317009185,0
1526,2443718.0,65112.0,931.0,565.0,565.0,23.0,4325.164601769911,0
1527,23574716.0,338057.0,14496.0,5446.0,5446.0,24.0,4328.813073815644,0
1528,1581052.0,115532.0,2763.0,356.0,356.0,24.0,4441.157303370786,0
1529,4453.0,78.0,2.0,1.0,1.0,22.0,4453.0,0
1530,36166.0,2130.0,117.0,8.0,8.0,24.0,4520.75,0
1531,32157452.0,263113.0,11578.0,7051.0,7051.0,24.0,4560.693802297546,0
1532,489686.0,12493.0,365.0,101.0,101.0,23.0,4848.376237623763,0
1533,1616095.0,47486.0,4216.0,333.0,333.0,24.0,4853.138138138138,0
1534,4235475.0,40018.0,1077.0,864.0,864.0,24.0,4902.170138888889,0
1535,3268622.0,226252.0,7003.0,666.0,666.0,24.0,4907.84084084084,0
1536,249749.0,5563.0,534.0,49.0,49.0,24.0,5096.918367346939,0
1537,62289.0,1425.0,37.0,12.0,12.0,22.0,5190.75,0
1538,20285835.0,259784.0,9618.0,3886.0,3886.0,23.0,5220.235460627895,0
1539,143925.0,524.0,12.0,26.0,26.0,22.0,5535.576923076923,0
1540,43360271.0,473867.0,8266.0,7203.0,7203.0,22.0,6019.75163126475,0
1541,69298618.0,1047425.0,51466.0,10877.0,10877.0,22.0,6371.115013330882,0
1542,536809.0,14083.0,232.0,84.0,84.0,22.0,6390.583333333333,0
1543,2597667.0,1064.0,27.0,406.0,406.0,24.0,6398.194581280788,0
1544,63305309.0,794949.0,41465.0,9656.0,9656.0,24.0,6556.05934134217,0
1545,7619.0,556.0,47.0,1.0,1.0,24.0,7619.0,0
1546,2378506.0,69302.0,2892.0,288.0,288.0,24.0,8258.701388888889,0
1547,2412180.0,13372.0,254.0,258.0,258.0,24.0,9349.53488372093,0
1548,4881362.0,5300.0,849.0,375.0,375.0,24.0,13016.965333333334,0
1549,217776.0,528.0,23.0,15.0,15.0,22.0,14518.4,0
